"Id","UserId","Avatar","Author","Content","ReactionsCount","Depth","SubCommentsCount","CommentAt"
"18228182839279399","7741408208","https://scontent.cdninstagram.com/v/t51.2885-19/316491816_560755452540807_5948418248359057817_n.jpg?stp=dst-jpg_s150x150&_nc_ht=scontent.cdninstagram.com&_nc_cat=103&_nc_ohc=rHCRT4VyiAAQ7kNvgGbQjLE&edm=APs17CUBAAAA&ccb=7-5&oh=00_AYBoe5BdqwwqLx7bGcpGZC2haIluV_VukxpdtOqtszfZOQ&oe=667D7582&_nc_sid=10d13b","paulog05","https://media3.giphy.com/media/v1.Y2lkPWFlZWNjYzExbW4za3F6cWcxZXYxMXhjNGNqemw3d2NtNzlscHd3eHhhN2xmMWg3eSZlcD12MV9naWZzX2dpZklkJmN0PWc/3ohc12Lvn94WJWtuVy/200.gif","5504","0","16","06/09/2024 8:23 PM"
"17856804567147152","1549473838","https://instagram.fcgk4-2.fna.fbcdn.net/v/t51.2885-19/44884218_345707102882519_2446069589734326272_n.jpg?_nc_ht=instagram.fcgk4-2.fna.fbcdn.net&_nc_cat=1&_nc_ohc=BIOQqceki-IQ7kNvgF7M8pd&edm=AClPCLABAAAA&ccb=7-5&ig_cache_key=YW5vbnltb3VzX3Byb2ZpbGVfcGlj.2-ccb7-5&oh=00_AYCwEBG9NS14pxgdheXcdQHCTKm6fk3mpto6tpFbXVhBpA&oe=667D73CF&_nc_sid=eec150","calebdg_","https://media0.giphy.com/media/v1.Y2lkPTA1NzQyMTNjcHhoYmtjN2lqcmRhNG5xYmFyaHE2bXM1Z3Jub3RpZng1emxwcDh2ZiZlcD12MV9naWZzX2dpZklkJmN0PWc/Yrrk0AOAQf572O0ETu/200.gif","984","0","1","06/09/2024 8:23 PM"
"17919045194830844","44548133461","https://scontent.cdninstagram.com/v/t51.2885-19/339325477_1239926046635417_3039829942799496771_n.jpg?stp=dst-jpg_s150x150&_nc_ht=scontent.cdninstagram.com&_nc_cat=105&_nc_ohc=7sSufqcDmSQQ7kNvgEnEx6z&edm=APs17CUBAAAA&ccb=7-5&oh=00_AYDw_yvsljhdc7t8JtoX9ssoGCyGaP23EVNOiDz4xoZh3Q&oe=667D647E&_nc_sid=10d13b","frankiebrown06","https://media2.giphy.com/media/v1.Y2lkPTA1NzQyMTNjbjRnYzNtaW5ycnNtdzQ5aWZ0b3BqcnVmZGt1bDN1eHcwOTkxamE3ZiZlcD12MV9naWZzX2dpZklkJmN0PWc/tivaSkhu8MbKM/200.gif","62","0","3","06/09/2024 8:24 PM"
"18020659781204621","46588936841","https://scontent.cdninstagram.com/v/t51.2885-19/448345258_1373707269934521_5174635921709592977_n.jpg?stp=dst-jpg_s150x150&_nc_ht=scontent.cdninstagram.com&_nc_cat=109&_nc_ohc=cPkAxUFM5JIQ7kNvgH7VQVX&edm=APs17CUBAAAA&ccb=7-5&oh=00_AYDRRg_9LENsugZTok9lP6GJ3UQJy07UC1rgsd2HToLmuA&oe=667D7E71&_nc_sid=10d13b","xxbatmanb3y0ndxx","metal gear üî•üî•","65","0","1","06/09/2024 8:24 PM"
"17994545381480777","55395717541","https://scontent.cdninstagram.com/v/t51.2885-19/442520839_395476239619102_4819819006599145288_n.jpg?stp=dst-jpg_s150x150&_nc_ht=scontent.cdninstagram.com&_nc_cat=110&_nc_ohc=-Hwqh5Fx9EsQ7kNvgH3mHcB&edm=APs17CUBAAAA&ccb=7-5&oh=00_AYARIWOhJiUhmoqDSu03DfVlJj7op7pLVPaBV65uJI_uFQ&oe=667D8858&_nc_sid=10d13b","pna_miguel_ecfm","Expedition 33 looks fire tbh","129","0","3","06/09/2024 8:24 PM"
"17985859751510649","53805306200","https://scontent.cdninstagram.com/v/t51.2885-19/408396617_1639400939923597_427298246937772042_n.jpg?stp=dst-jpg_s150x150&_nc_ht=scontent.cdninstagram.com&_nc_cat=101&_nc_ohc=x6GKyNCNsigQ7kNvgEnUMYB&edm=APs17CUBAAAA&ccb=7-5&oh=00_AYAu2VRX-GFZfG1vFY55x3asYQHb8aYswLL8fbbOMpEVJw&oe=667D66FD&_nc_sid=10d13b","chucholongo","Forza horizon 6 plsss","403","0","21","06/09/2024 8:24 PM"
"18011371850522181","3005125923","https://scontent.cdninstagram.com/v/t51.2885-19/447523013_428505369986071_4890713727881138529_n.jpg?stp=dst-jpg_s150x150&_nc_ht=scontent.cdninstagram.com&_nc_cat=107&_nc_ohc=ZDyneUYuLM4Q7kNvgHodRVF&edm=APs17CUBAAAA&ccb=7-5&oh=00_AYDwjP23tb2Sxk-oH7MtcBsvE9g_xRcaQtpCWoKC1HW8uA&oe=667D7A8C&_nc_sid=10d13b","edeckerho8","Microsoft flight sim 2024 gonna run at 22 FPS","1916","0","27","06/09/2024 8:25 PM"
"17872706649054419","1577434475","https://scontent.cdninstagram.com/v/t51.2885-19/416594390_688262743435987_4507066987551663377_n.jpg?stp=dst-jpg_s150x150&_nc_ht=scontent.cdninstagram.com&_nc_cat=107&_nc_ohc=0K9kwS78juEQ7kNvgGG3TwL&edm=APs17CUBAAAA&ccb=7-5&oh=00_AYB3elY_nbukPvI0wTAxnVTB-aNqiiQlrQNAMRqK-KJxuQ&oe=667D889C&_nc_sid=10d13b","oneofyourevilexxes","Xbox showcase>>> PlayStation state of play","8956","0","154","06/09/2024 8:25 PM"
"17999269226399198","53805306200","https://scontent.cdninstagram.com/v/t51.2885-19/408396617_1639400939923597_427298246937772042_n.jpg?stp=dst-jpg_s150x150&_nc_ht=scontent.cdninstagram.com&_nc_cat=101&_nc_ohc=x6GKyNCNsigQ7kNvgFC5QeW&edm=APs17CUBAAAA&ccb=7-5&oh=00_AYDG_8PTv7fnnlpu1ZaXyyYSM6yD-S6ro4OSfEQTH2D3hg&oe=667D66FD&_nc_sid=10d13b","chucholongo","https://media3.giphy.com/media/v1.Y2lkPTA1NzQyMTNjMGkyN3RmcDJwb2h0cXoyOWxobTNldHRoN242d3pmOXBscmhmNW5kdyZlcD12MV9naWZzX2dpZklkJmN0PWc/VgvLyXeQ35gGhzmcVG/200.gif","70","0","0","06/09/2024 8:25 PM"
"18270826189231005","52759506600","https://scontent.cdninstagram.com/v/t51.2885-19/435937406_389751030591526_3636699642658505902_n.jpg?stp=dst-jpg_s150x150&_nc_ht=scontent.cdninstagram.com&_nc_cat=110&_nc_ohc=pBdYJIypmp0Q7kNvgH8M-wD&edm=APs17CUBAAAA&ccb=7-5&oh=00_AYCYZ8jx2YFs_8PV5L_jM5NajF0w5o_tTmjlFS0LCYsxYA&oe=667D5C6E&_nc_sid=10d13b","max.bsm","https://media3.giphy.com/media/v1.Y2lkPWFlZWNjYzExc2hnNGc3cTYwaG4waXh1ZmN5cHY2a2p0bmtxdHlhbnY5M2wyMm5nbCZlcD12MV9naWZzX2dpZklkJmN0PWc/ZDEdGk5gYEqy6NybqW/200.gif","90","0","1","06/09/2024 8:25 PM"
"18047232025694194","36486742596","https://scontent.cdninstagram.com/v/t51.2885-19/242834381_977339249510671_7407765940586239359_n.jpg?stp=dst-jpg_s150x150&_nc_ht=scontent.cdninstagram.com&_nc_cat=107&_nc_ohc=qD5WDrXP5TYQ7kNvgFXPQ07&edm=APs17CUBAAAA&ccb=7-5&oh=00_AYB64IeeM4kEa99rx6eJBNwdbNOBdzLaMlqKOkZ3MEj-qA&oe=667D86D9&_nc_sid=10d13b","itamar_feder","https://media0.giphy.com/media/v1.Y2lkPWFlZWNjYzExenV4OG1wZ2EybDFrcGIxczI2MnIxeG5yMWszYm9hOXYxMWNhM3MwdSZlcD12MV9naWZzX2dpZklkJmN0PWc/iIA8OPbwF2eISCBmDq/200.gif","813","0","11","06/09/2024 8:26 PM"
"18035151490949531","5837865833","https://scontent.cdninstagram.com/v/t51.2885-19/79883049_818077288661097_3804208991135858688_n.jpg?stp=dst-jpg_s150x150&_nc_ht=scontent.cdninstagram.com&_nc_cat=109&_nc_ohc=pruEHgJ4hxYQ7kNvgEq3iYJ&edm=APs17CUBAAAA&ccb=7-5&oh=00_AYA6F-66u4lQsXR55BcF0Z9QxjcZ4jpzeG-Ec0MutiDFKg&oe=667D6B5C&_nc_sid=10d13b","spawnpoiint","Best show we‚Äôve seen in a long time üî•","1182","0","14","06/09/2024 8:27 PM"
"17905132796902611","49945590804","https://scontent.cdninstagram.com/v/t51.2885-19/447527291_820192016295144_5641244555084723681_n.jpg?stp=dst-jpg_s150x150&_nc_ht=scontent.cdninstagram.com&_nc_cat=100&_nc_ohc=LOsOWvB3Cr0Q7kNvgGcK-xf&edm=APs17CUBAAAA&ccb=7-5&oh=00_AYBFUy4eD8oR8mzPOKlRwDn-ld8-KcfQeFb2d0vkpYUF4w&oe=667D6577&_nc_sid=10d13b","miaugonz","https://media4.giphy.com/media/v1.Y2lkPTA1NzQyMTNjcjF4czk0NGlrd2JuMWoyNzJtdGFpZmxicXlwbWlsdzFkOHRkZWp6YSZlcD12MV9naWZzX2dpZklkJmN0PWc/ZrbaCX75hY50s/200.gif","2292","0","11","06/09/2024 8:28 PM"
"18032450944998320","39151796632","https://scontent.cdninstagram.com/v/t51.2885-19/447291957_462571279586712_6291036249957987768_n.jpg?stp=dst-jpg_s150x150&_nc_ht=scontent.cdninstagram.com&_nc_cat=100&_nc_ohc=i6JxquMfErsQ7kNvgE0a0XT&edm=APs17CUBAAAA&ccb=7-5&oh=00_AYAf3q2TGFgtTwyorjhLfGacZsQDOZ0QFBWWeEVuWEgT3A&oe=667D619C&_nc_sid=10d13b","the_official_suki","https://media0.giphy.com/media/v1.Y2lkPTA1NzQyMTNjNTAzdzhza2Z4MXlmcDF1bWlhcHdwa250czhkNmRueHQ0b2V1dTF3cCZlcD12MV9naWZzX2dpZklkJmN0PWc/WrxoaVPiq0cG4/200.gif","0","0","0","06/09/2024 8:29 PM"
"17846619342233327","12988002914","https://scontent.cdninstagram.com/v/t51.2885-19/448487118_812078090871728_544407978967000014_n.jpg?stp=dst-jpg_s150x150&_nc_ht=scontent.cdninstagram.com&_nc_cat=108&_nc_ohc=U2Ng4cGE0zwQ7kNvgHRn7ju&edm=APs17CUBAAAA&ccb=7-5&oh=00_AYAomlWkly6jTiZMrF86YR9B_PBz0J5X6HGiUAcbCgx7fg&oe=667D7891&_nc_sid=10d13b","landokiosk","Man, as a PS5 owner. This was ALOT better than our State of Play‚Ä¶üòÖüíî","1800","0","40","06/09/2024 8:31 PM"
"18025899731474770","33012318152","https://scontent.cdninstagram.com/v/t51.2885-19/280762490_1293566654505554_5860870255857482593_n.jpg?stp=dst-jpg_s150x150&_nc_ht=scontent.cdninstagram.com&_nc_cat=102&_nc_ohc=9lyzsknf3YAQ7kNvgEUqWeE&edm=APs17CUBAAAA&ccb=7-5&oh=00_AYCpwTKXURTl3TNcNijr31WCHL5qbdMhwPYJSzUOJqf3iA&oe=667D84D6&_nc_sid=10d13b","_.alejere._23","WHAAAAT A NEW PERFECT DAARK????!?!?; NO WAY","187","0","5","06/09/2024 8:31 PM"
"18052485163645198","604036650","https://scontent.cdninstagram.com/v/t51.2885-19/445376068_1157408612268161_2290889841809386199_n.jpg?stp=dst-jpg_s150x150&_nc_ht=scontent.cdninstagram.com&_nc_cat=105&_nc_ohc=UqwOr0lAXSsQ7kNvgHlViFg&edm=APs17CUBAAAA&ccb=7-5&oh=00_AYDj2EDLoyUfIAu0t9ZQVyrgL-DDbvTKKidw1evzAluTMg&oe=667D5EC6&_nc_sid=10d13b","alexkull24","https://media4.giphy.com/media/v1.Y2lkPWFlZWNjYzExeHd0OW9zdDAzcjV6ejVnazZkaHlnZ2p6aW12ZnAyamthZmx5amM5MCZlcD12MV9naWZzX2dpZklkJmN0PWc/RLzNf3dJWGw0nLe4gB/200.gif","2470","0","12","06/09/2024 8:31 PM"
"17844310497238877","1621066382","https://scontent.cdninstagram.com/v/t51.2885-19/50870689_239606313637640_6221145220700962816_n.jpg?stp=dst-jpg_s150x150&_nc_ht=scontent.cdninstagram.com&_nc_cat=108&_nc_ohc=ulvfPMsg1uIQ7kNvgEG0z8j&edm=APs17CUBAAAA&ccb=7-5&oh=00_AYDxPaippHVCKXjR35jX0Q0h9zwWy9cOCI5UggoKDszSEw&oe=667D5FC3&_nc_sid=10d13b","myles_young33","Hold up do I see STATE OF DECAY 3?!? WOOHOO","4","0","5","06/09/2024 8:33 PM"
"18143041762321837","5573078066","https://scontent.cdninstagram.com/v/t51.2885-19/448393984_323113014072494_419671565987923485_n.jpg?stp=dst-jpg_s150x150&_nc_ht=scontent.cdninstagram.com&_nc_cat=102&_nc_ohc=qk2KThzblB4Q7kNvgGaxYFV&edm=APs17CUBAAAA&ccb=7-5&oh=00_AYB-LY-5CKSTX93PlHdaq_Ybw7hpXsr82yaGJdU5ztjaOw&oe=667D7771&_nc_sid=10d13b","xbox_nederland","üôåüíö","55","0","3","06/09/2024 8:37 PM"
"17960527478773679","5392359291","https://scontent.cdninstagram.com/v/t51.2885-19/448037995_1016992193192627_7569810367218509237_n.jpg?stp=dst-jpg_s150x150&_nc_ht=scontent.cdninstagram.com&_nc_cat=111&_nc_ohc=fFzNwYn-zRkQ7kNvgFZWZdP&edm=APs17CUBAAAA&ccb=7-5&oh=00_AYAeRHqiPjjUTfoGQIf7BQtQtmfwjRD2Y2JhecsUZ9TrYg&oe=667D8677&_nc_sid=10d13b","ybnred.3x","Doom should be an Xbox only game!!","14","0","0","06/09/2024 8:39 PM"
"18065789614493801","3190056268","https://scontent.cdninstagram.com/v/t51.2885-19/379271052_1343437972924082_2708438672548801898_n.jpg?stp=dst-jpg_s150x150&_nc_ht=scontent.cdninstagram.com&_nc_cat=1&_nc_ohc=6oz-Qd36JYEQ7kNvgHpwgcI&edm=APs17CUBAAAA&ccb=7-5&oh=00_AYC1ogDdgunb2Hz-Kv7BIKlIR-LV4Uu0Gi9kS6eK187JIw&oe=667D7028&_nc_sid=10d13b","konsolum","üëèüëèüëèüëè","16","0","0","06/09/2024 8:39 PM"
"18021867560245387","466563820","https://scontent.cdninstagram.com/v/t51.2885-19/414187876_695586369431018_4920982236419794140_n.jpg?stp=dst-jpg_s150x150&_nc_ht=scontent.cdninstagram.com&_nc_cat=1&_nc_ohc=MF5DBfGPw1QQ7kNvgH3VXBX&edm=APs17CUBAAAA&ccb=7-5&oh=00_AYCWy92SGIKIFhIZ_hyvheZAEiOA9PjtrKobUhFjuBRxWQ&oe=667D7067&_nc_sid=10d13b","bars","üëè","68","0","0","06/09/2024 8:40 PM"
"17873304243053797","13379204385","https://scontent.cdninstagram.com/v/t51.2885-19/311863875_501538748491753_1805114150806915967_n.jpg?stp=dst-jpg_s150x150&_nc_ht=scontent.cdninstagram.com&_nc_cat=101&_nc_ohc=-ishOxZeKzsQ7kNvgFqM9Y0&edm=APs17CUBAAAA&ccb=7-5&oh=00_AYATOQ59FX9gHX6vQHrCP1kilFrADXbja3bCXVTA5UdzjA&oe=667D60A2&_nc_sid=10d13b","lore__dame","https://media0.giphy.com/media/v1.Y2lkPWFlZWNjYzExZ3ZjMmpldWhucnhrNm9jNjZwcmRzZDBtaGh3ZnRidmlyajJjbzQyMiZlcD12MV9naWZzX2dpZklkJmN0PWc/DqK1euRN0eHbSTywux/200.gif","45","0","2","06/09/2024 8:43 PM"
"17929680254782655","53088353108","https://scontent.cdninstagram.com/v/t51.2885-19/437550797_339471895374790_7464922324555230647_n.jpg?stp=dst-jpg_s150x150&_nc_ht=scontent.cdninstagram.com&_nc_cat=110&_nc_ohc=5n62Ku0kG58Q7kNvgEIsn9M&edm=APs17CUBAAAA&ccb=7-5&oh=00_AYBE9ZUnHGFw1SqF53U0-x5tQT4J13uFOxXB5d0fdMm-qg&oe=667D5E94&_nc_sid=10d13b","j01.aq","https://media3.giphy.com/media/v1.Y2lkPTA1NzQyMTNjaHRiOWQ4NHJkcHAzOG1mY3Foc2didzY4eGI2djlqcmVyajF2aWQ3cCZlcD12MV9naWZzX2dpZklkJmN0PWc/ErkQFT2Ij66xs27lV7/200.gif","14","0","0","06/09/2024 8:45 PM"
"18029791007078647","11040132549","https://scontent.cdninstagram.com/v/t51.2885-19/446098705_891136809437645_5649089476267970872_n.jpg?stp=dst-jpg_s150x150&_nc_ht=scontent.cdninstagram.com&_nc_cat=105&_nc_ohc=a6b2U1rJ0H8Q7kNvgEm9NNd&edm=APs17CUBAAAA&ccb=7-5&oh=00_AYBNb8zwG_eLmrDP25PrCEDwSkg-aFnRE_LoHJGzPjSt7Q&oe=667D8954&_nc_sid=10d13b","rickn_nun07","https://media3.giphy.com/media/v1.Y2lkPWFlZWNjYzExYnVvdWJ5YjE5cHgyMzkyZGNoMW9mNzJudHkyZDgzZWpjYzloYXpqbSZlcD12MV9naWZzX2dpZklkJmN0PWc/ftYhHLgh0l3uIyiaoC/200.gif","16","0","0","06/09/2024 8:46 PM"
"18026259917130714","37086754382","https://scontent.cdninstagram.com/v/t51.2885-19/435313051_401505602500772_6675921511427757239_n.jpg?stp=dst-jpg_s150x150&_nc_ht=scontent.cdninstagram.com&_nc_cat=108&_nc_ohc=ON6yjp7x_ywQ7kNvgFYU8U0&edm=APs17CUBAAAA&ccb=7-5&oh=00_AYBzsK7wHPBMWTzE4X3LJC6J9pj6YOBuBij_zwx-dncfKw&oe=667D7CFC&_nc_sid=10d13b","j.herbo10","Congratulations you guys finally got me to wanna go purchase and Xbox for the first time since the 360 era. Good job.","980","0","25","06/09/2024 8:46 PM"
"17880858786079243","51410369338","https://scontent.cdninstagram.com/v/t51.2885-19/447535270_2710848789070429_2957148513887721754_n.jpg?stp=dst-jpg_s150x150&_nc_ht=scontent.cdninstagram.com&_nc_cat=101&_nc_ohc=Xw6LhFdhnt8Q7kNvgEciGFl&edm=APs17CUBAAAA&ccb=7-5&oh=00_AYBVrFWldXPNpXs7QXzHArdWWMEt2ySPrBCiJTlfckRqvQ&oe=667D7C90&_nc_sid=10d13b","lilbibrahim","No silksongüòîüòî","1","0","0","06/09/2024 8:48 PM"
"18060330892601903","19069713886","https://scontent.cdninstagram.com/v/t51.2885-19/432791764_1643974129677282_7611596429171528996_n.jpg?stp=dst-jpg_s150x150&_nc_ht=scontent.cdninstagram.com&_nc_cat=106&_nc_ohc=Q6E1dIvLiEoQ7kNvgH9z-mo&edm=APs17CUBAAAA&ccb=7-5&oh=00_AYBzVmo5E9mijHGGN5y3GKUW8K7iQ8R08JkMpZ5llqKWTQ&oe=667D7511&_nc_sid=10d13b","therayguncowboy","Was any one else disappointed that there was no Forza Horizon 6 news?","234","0","48","06/09/2024 8:49 PM"
"17886148947052619","54017425286","https://scontent.cdninstagram.com/v/t51.2885-19/287220515_1167262230735838_7779628151564936938_n.jpg?stp=dst-jpg_s150x150&_nc_ht=scontent.cdninstagram.com&_nc_cat=110&_nc_ohc=zQzMgdOXwEsQ7kNvgHwuViT&edm=APs17CUBAAAA&ccb=7-5&oh=00_AYDP3q4g-Ey3rQ-y3Y3j5cYW4wV7bp5jTYyGhjflIDT2RQ&oe=667D5D67&_nc_sid=10d13b","thespacecadetgamer","Welcome back Gears Of War!!! ü•π","12","0","0","06/09/2024 8:52 PM"
"18014341202153059","10418288599","https://scontent.cdninstagram.com/v/t51.2885-19/446118046_1614452286069981_4242343662616608506_n.jpg?stp=dst-jpg_s150x150&_nc_ht=scontent.cdninstagram.com&_nc_cat=109&_nc_ohc=c3CmNYHdJboQ7kNvgGEzWGC&edm=APs17CUBAAAA&ccb=7-5&oh=00_AYCXnLtW8GbOgLWjdbWUOBoT842fxcFzlZ0Vr5lASqjmdg&oe=667D63B4&_nc_sid=10d13b","bdawger69","Only like 4 good games üíÄ","895","0","89","06/09/2024 8:53 PM"
"18043041784705818","975304296","https://scontent.cdninstagram.com/v/t51.2885-19/351285191_1052856009016308_8639608958786956055_n.jpg?stp=dst-jpg_s150x150&_nc_ht=scontent.cdninstagram.com&_nc_cat=100&_nc_ohc=BLNQszf-M48Q7kNvgEPc7KF&edm=APs17CUBAAAA&ccb=7-5&oh=00_AYA5jhON5biagTILm73OWM0DcGRwzH6WBRdp-hmWfV7tEg&oe=667D57D3&_nc_sid=10d13b","seb.figari","YOU SAVED GEARS","991","0","11","06/09/2024 8:53 PM"
"18239641450251655","8037621191","https://scontent.cdninstagram.com/v/t51.2885-19/364315026_1317574835861652_4189553775747215220_n.jpg?stp=dst-jpg_s150x150&_nc_ht=scontent.cdninstagram.com&_nc_cat=100&_nc_ohc=z3DzyPPJZZEQ7kNvgGMCP5u&edm=APs17CUBAAAA&ccb=7-5&oh=00_AYAjZmRQcQTBQTgsgL2WxceD8LWdDB_pZV7kECbntAb8uA&oe=667D8017&_nc_sid=10d13b","ig.4p","https://media4.giphy.com/media/v1.Y2lkPWFlZWNjYzExNXpoM2JmZHVwYXR1ajQ4NHUyMWNkbWc4Zjh4dTdyMDAzZnZqZW5scSZlcD12MV9naWZzX2dpZklkJmN0PWc/iFnBpFxFGetn8BH0vZ/200.gif","600","0","0","06/09/2024 9:20 PM"
"18001564481358188","3085039826","https://scontent.cdninstagram.com/v/t51.2885-19/411255033_676396224482637_1366682691906547465_n.jpg?stp=dst-jpg_s150x150&_nc_ht=scontent.cdninstagram.com&_nc_cat=109&_nc_ohc=WAKZnwildscQ7kNvgE6g0ix&edm=APs17CUBAAAA&ccb=7-5&oh=00_AYDmZqefaSVhScfIbtojDsARBttvlUqDIJMYLlBUiUs2Cw&oe=667D7037&_nc_sid=10d13b","jobuddyman","No Halo news‚Ä¶‚Ä¶.","2","0","6","06/09/2024 9:42 PM"
"17928393653890042","7726813480","https://scontent.cdninstagram.com/v/t51.2885-19/381545703_248189097718480_2143077113408017441_n.jpg?stp=dst-jpg_s150x150&_nc_ht=scontent.cdninstagram.com&_nc_cat=104&_nc_ohc=SI_XUozRBjwQ7kNvgH-qVvA&edm=APs17CUBAAAA&ccb=7-5&oh=00_AYAPHJYg5soM3EkgIClqnRsnz6Zp5i_8Ez94ioDaJhIJrA&oe=667D6E86&_nc_sid=10d13b","dom_worcester","@alleymarie327 bottom left. your time has finally come. üò≠üò≠","2","0","0","06/09/2024 10:01 PM"
"18267791275230143","47159204162","https://scontent.cdninstagram.com/v/t51.2885-19/44884218_345707102882519_2446069589734326272_n.jpg?_nc_ht=scontent.cdninstagram.com&_nc_cat=1&_nc_ohc=BIOQqceki-IQ7kNvgFP0ChG&edm=APs17CUBAAAA&ccb=7-5&ig_cache_key=YW5vbnltb3VzX3Byb2ZpbGVfcGlj.2-ccb7-5&oh=00_AYA77KM_Hh01V78wEEflbP50lg-rPuP899OTEneU7nPNew&oe=667D73CF&_nc_sid=10d13b","lsaac_new","https://media2.giphy.com/media/v1.Y2lkPWFlZWNjYzExMjNqYXhhZ2kwYjM2bGRtajZpc3Bpdnk5d29reWVub2Z2bnhlZmF0NyZlcD12MV9naWZzX2dpZklkJmN0PWc/btTrrWDAyop8c/200.gif","20","0","0","06/09/2024 10:21 PM"
"18341579281188329","5386219420","https://scontent.cdninstagram.com/v/t51.2885-19/420643644_1064064341553460_4576465514157610149_n.jpg?stp=dst-jpg_s150x150&_nc_ht=scontent.cdninstagram.com&_nc_cat=104&_nc_ohc=JgWLVGvrXaMQ7kNvgE_qqRY&edm=APs17CUBAAAA&ccb=7-5&oh=00_AYCUuXsnA_OxEXXIvoaOQ-LzrFnaRrZ4T6PmmS0FtSXukQ&oe=667D88C4&_nc_sid=10d13b","ghostmangamer","https://media0.giphy.com/media/v1.Y2lkPWFlZWNjYzExbXpwbDJjbTNmOXN0OWQ2a2c4cW02czF4cGVjazB4MHo1YWJ6cm0wYiZlcD12MV9naWZzX2dpZklkJmN0PWc/J8iyDI9bZb6ve/200.gif","5","0","0","06/09/2024 10:27 PM"
"18037453888899169","2106064215","https://scontent.cdninstagram.com/v/t51.2885-19/433430238_1706550466541848_7875556597942702901_n.jpg?stp=dst-jpg_s150x150&_nc_ht=scontent.cdninstagram.com&_nc_cat=104&_nc_ohc=GT0TDgIx-4UQ7kNvgGp2A5g&edm=APs17CUBAAAA&ccb=7-5&oh=00_AYAzXb5jKWGVWkswOBSihuvAIFGhzK3GZ2dzErscb7OhSg&oe=667D552A&_nc_sid=10d13b","chriiisvargas","Damm no gta 6","1","0","0","06/09/2024 10:33 PM"
"18034095151983665","422903326","https://scontent.cdninstagram.com/v/t51.2885-19/420028274_7086552101460739_1396198865069720893_n.jpg?stp=dst-jpg_s150x150&_nc_ht=scontent.cdninstagram.com&_nc_cat=107&_nc_ohc=DVp56F_7x5oQ7kNvgHmP28t&edm=APs17CUBAAAA&ccb=7-5&oh=00_AYAvBUm0IrBtLhPWdlZLhdaQL-5TExrydmybCMkE7_ur2A&oe=667D7F0D&_nc_sid=10d13b","spaghettiman456","Snake eaterrrr üíöüíö","57","0","1","06/09/2024 10:49 PM"
"18060553609585839","2001031294","https://scontent.cdninstagram.com/v/t51.2885-19/336288820_1275524109666941_9048502292218991211_n.jpg?stp=dst-jpg_s150x150&_nc_ht=scontent.cdninstagram.com&_nc_cat=105&_nc_ohc=XGMZOzsp0kMQ7kNvgEOfzNz&edm=APs17CUBAAAA&ccb=7-5&oh=00_AYAGwt0MRydwPBk8XZFKPpEUTpphU_UcwKka0-dmMkjb6Q&oe=667D82C0&_nc_sid=10d13b","flexi.lz","10/10","81","0","2","06/09/2024 10:55 PM"
"18095429953425432","28098693854","https://scontent.cdninstagram.com/v/t51.2885-19/435678415_2963829883768737_5565174228853353016_n.jpg?stp=dst-jpg_s150x150&_nc_ht=scontent.cdninstagram.com&_nc_cat=109&_nc_ohc=4pNRni2MOhcQ7kNvgGWfiD6&edm=APs17CUBAAAA&ccb=7-5&oh=00_AYDACDQvh9uSicpU2vDyY6f8D8Fxf0KDuCCk2Eoo2IqOuw&oe=667D6D3A&_nc_sid=10d13b","f1nl3yss","LIFE IS STRANGE WWW","237","0","3","06/09/2024 11:43 PM"
"17921755742917397","4482309855","https://scontent.cdninstagram.com/v/t51.2885-19/412545567_747300300777577_7809652370436318576_n.jpg?stp=dst-jpg_s150x150&_nc_ht=scontent.cdninstagram.com&_nc_cat=101&_nc_ohc=0FPFhyIBKxIQ7kNvgHb4Fud&edm=APs17CUBAAAA&ccb=7-5&oh=00_AYAdwbvkimE1gJoZN8vFZv6iyIaN19YiI9cOlumFBVnqQQ&oe=667D6172&_nc_sid=10d13b","carlitosfire10","10/10 üíö","74","0","2","06/09/2024 11:50 PM"
"18135575794333909","2517792367","https://scontent.cdninstagram.com/v/t51.2885-19/90393993_325020511805889_5547689229087145984_n.jpg?stp=dst-jpg_s150x150&_nc_ht=scontent.cdninstagram.com&_nc_cat=109&_nc_ohc=oZaN8NRt4p0Q7kNvgEeeuw8&edm=APs17CUBAAAA&ccb=7-5&oh=00_AYD1Poyu6tzuidXDNbI45ffCs1M0BLcEuIxM1ZdsFtv2FQ&oe=667D8014&_nc_sid=10d13b","sacha33113","Expedition 33, let's go üî•üî•üî•","48","0","3","06/09/2024 11:52 PM"
"18035784727821360","10826748","https://scontent.cdninstagram.com/v/t51.2885-19/326569892_554358036622127_5929717231837824309_n.jpg?stp=dst-jpg_s150x150&_nc_ht=scontent.cdninstagram.com&_nc_cat=111&_nc_ohc=LSae7u2IVcYQ7kNvgFmV2b_&edm=APs17CUBAAAA&ccb=7-5&oh=00_AYAYOBwww5WBGkTATZC0YWGqJky-XlESTQWysrdrqpBfjw&oe=667D5347&_nc_sid=10d13b","1lazyeyed_kat","Perfect dark üëÄ","300","0","10","06/09/2024 11:53 PM"
"18067154755539780","1655443476","https://scontent.cdninstagram.com/v/t51.2885-19/363504253_1338053686804325_2065657050170920018_n.jpg?stp=dst-jpg_s150x150&_nc_ht=scontent.cdninstagram.com&_nc_cat=105&_nc_ohc=9TWogO8lC8YQ7kNvgGpKZfz&edm=APs17CUBAAAA&ccb=7-5&oh=00_AYArnQu8Bs8kr-q_PUo9bOBTZ9fpvUxtMHvg1NCxZEG0MQ&oe=667D63AB&_nc_sid=10d13b","hayden_rooney","https://media4.giphy.com/media/v1.Y2lkPTA1NzQyMTNjMjd5dXQyc3hkNWJqaWJqdnZjMW05cjFmMHdtdnBwbDF2ZTBmMDFoZCZlcD12MV9naWZzX2dpZklkJmN0PWc/JOrBpgP5CkzU4/200.gif","1","0","0","06/10/2024 12:31 AM"
"18048148051737574","61096240218","https://scontent.cdninstagram.com/v/t51.2885-19/448757778_2241657942877550_8920630534809965105_n.jpg?stp=dst-jpg_s150x150&_nc_ht=scontent.cdninstagram.com&_nc_cat=102&_nc_ohc=eFkHfXso79YQ7kNvgF4CO5m&edm=APs17CUBAAAA&ccb=7-5&oh=00_AYAKzWdz_21136G7IbeEOTW5uLFjOSK5xbzgmapkjyNscA&oe=667D852A&_nc_sid=10d13b","steven_is_insane","RIP AND TEAR UNTIL IT IS DONE! üî•üî•üî•","10","0","1","06/10/2024 12:44 AM"
"18004542854540954","27645639829","https://scontent.cdninstagram.com/v/t51.2885-19/448345406_1382200965788703_2260848745834550657_n.jpg?stp=dst-jpg_s150x150&_nc_ht=scontent.cdninstagram.com&_nc_cat=103&_nc_ohc=YmH2BWpkB9YQ7kNvgEpycuG&edm=APs17CUBAAAA&ccb=7-5&oh=00_AYCCrFyjXsU_L7eb5UTOA60pmeyzXJtWkMX9hmZ8OofnvQ&oe=667D5B91&_nc_sid=10d13b","domthebombyoutube","üëè","3","0","0","06/10/2024 1:00 AM"
"18008694389282987","3645599678","https://scontent.cdninstagram.com/v/t51.2885-19/61174833_1602146206588727_8669644134132219904_n.jpg?stp=dst-jpg_s150x150&_nc_ht=scontent.cdninstagram.com&_nc_cat=111&_nc_ohc=Uo2pfOA9xSEQ7kNvgERZXsM&edm=APs17CUBAAAA&ccb=7-5&oh=00_AYBopzOGKnqUXjOabDPbqI4yYRdguRjL1QQrRzuZEIXS6Q&oe=667D7120&_nc_sid=10d13b","iadamsart","All those games and there are only two on that list I like üòí","0","0","1","06/10/2024 1:06 AM"
"18081973453479736","506372429","https://scontent.cdninstagram.com/v/t51.2885-19/407390884_1586373731895842_3935003622041388441_n.jpg?stp=dst-jpg_s150x150&_nc_ht=scontent.cdninstagram.com&_nc_cat=102&_nc_ohc=Q4frjHw1C-MQ7kNvgG1WzAC&edm=APs17CUBAAAA&ccb=7-5&oh=00_AYDMv9puMiv2U853-_DghxjH-omYygezrgBS4z5k2DmQPA&oe=667D584E&_nc_sid=10d13b","jakefromstateofhawaii","https://media3.giphy.com/media/v1.Y2lkPWFlZWNjYzExaGNqenc4czBqbGs4c290Y2U5bG1tM2VpMjJyc3IzbWR3NzQ3bDR4NyZlcD12MV9naWZzX2dpZklkJmN0PWc/5huORRHJwI2Sw3ATqx/200.gif","1","0","0","06/10/2024 7:33 AM"
"18051458086672005","7229089703","https://scontent.cdninstagram.com/v/t51.2885-19/342210409_913495179933468_4506913505376445907_n.jpg?stp=dst-jpg_s150x150&_nc_ht=scontent.cdninstagram.com&_nc_cat=1&_nc_ohc=JGaG5rZjYzQQ7kNvgGUQjlc&edm=APs17CUBAAAA&ccb=7-5&oh=00_AYBvL0LbBHM8LsshmYbN75d_6Mcwa0GigkiO3fXYT5oOQQ&oe=667D5859&_nc_sid=10d13b","gamingzar","üôåüôå","3","0","0","06/10/2024 10:40 AM"
"18007575155290063","11454913923","https://scontent.cdninstagram.com/v/t51.2885-19/400160808_1010439483360298_7552038443993444291_n.jpg?stp=dst-jpg_s150x150&_nc_ht=scontent.cdninstagram.com&_nc_cat=110&_nc_ohc=xKBGgHuheoYQ7kNvgGluM3D&edm=APs17CUBAAAA&ccb=7-5&oh=00_AYDlAHsd5TvrMi-HArJ0PwjaE82kHZRsaSQdPIDrfytjzA&oe=667D7C00&_nc_sid=10d13b","my_dna_is_dmt","AGE OF MYTHOLOGY","10","0","1","06/10/2024 4:54 PM"
"18013920215172503","60730952667","https://scontent.cdninstagram.com/v/t51.2885-19/447564467_1170742770599715_2597943046628197220_n.jpg?stp=dst-jpg_s150x150&_nc_ht=scontent.cdninstagram.com&_nc_cat=103&_nc_ohc=9BgzsN3g4LkQ7kNvgE0omPv&edm=APs17CUBAAAA&ccb=7-5&oh=00_AYD8eT_K3ww-dASP3ZHxRek6f7KNhpl3llUUe8m11GBO7A&oe=667D65A3&_nc_sid=10d13b","torbxn","Wüî•","0","0","1","06/10/2024 4:56 PM"
"18037867393918063","50532645146","https://scontent.cdninstagram.com/v/t51.2885-19/424827388_942582100540727_6609817834225870282_n.jpg?stp=dst-jpg_s150x150&_nc_ht=scontent.cdninstagram.com&_nc_cat=111&_nc_ohc=i_i9DR3y-UMQ7kNvgErraSF&edm=APs17CUBAAAA&ccb=7-5&oh=00_AYDdM0F4rK0UAgM2Je9nnKtMQoOcSG3l3CT5RYs7tn73yg&oe=667D8754&_nc_sid=10d13b","mm.54.d","The best game console in history. I enjoyed watching, thank you üíöüñ§","10","0","2","06/10/2024 5:03 PM"
"18345562504113601","3414400034","https://scontent.cdninstagram.com/v/t51.2885-19/361184742_1879142449145840_7578306420137503204_n.jpg?stp=dst-jpg_s150x150&_nc_ht=scontent.cdninstagram.com&_nc_cat=108&_nc_ohc=qnaUFKi6ND0Q7kNvgElrXrq&edm=APs17CUBAAAA&ccb=7-5&oh=00_AYDd06srqcsorgK1rvvVQID0F3Fj-JGw-UZfD9ariaQl2A&oe=667D56F4&_nc_sid=10d13b","mohsen_m2m2019","Gears of war","26","0","2","06/10/2024 5:22 PM"
"18026233472491917","326699620","https://scontent.cdninstagram.com/v/t51.2885-19/121703362_121396656404365_6981065293712447329_n.jpg?stp=dst-jpg_s150x150&_nc_ht=scontent.cdninstagram.com&_nc_cat=101&_nc_ohc=Zc6jFLCGNT8Q7kNvgH6nwik&edm=APs17CUBAAAA&ccb=7-5&oh=00_AYAcGzf2rKUSWFx1nJs5lCyRJA13K6lDi_-4ExedEoWY1w&oe=667D6200&_nc_sid=10d13b","thenewdead","Absolute banger! Don't know how anyone could doubt Xboxes future after that show !üî•","1","0","1","06/10/2024 5:25 PM"
"18124722103360597","4088904998","https://scontent.cdninstagram.com/v/t51.2885-19/433191908_966628948227271_4771460335302202668_n.jpg?stp=dst-jpg_s150x150&_nc_ht=scontent.cdninstagram.com&_nc_cat=107&_nc_ohc=gUIt2PdhCaYQ7kNvgEOasYJ&edm=APs17CUBAAAA&ccb=7-5&oh=00_AYD6zqH804hFb3gSh6nQ488nRXyuRdsWaiDaxLI2-trVbA&oe=667D5335&_nc_sid=10d13b","hyuga9gonzalo","Inlove xboxüíö","4","0","1","06/10/2024 5:29 PM"
"17928933659890272","6444579554","https://scontent.cdninstagram.com/v/t51.2885-19/23416976_139189763398977_8313681449412722688_n.jpg?stp=dst-jpg_s150x150&_nc_ht=scontent.cdninstagram.com&_nc_cat=109&_nc_ohc=K7iTgtJIITsQ7kNvgFW9e2D&edm=APs17CUBAAAA&ccb=7-5&oh=00_AYA2wE9msorPRmTXntzrjgupQlg8peuTwSaTwdcg7iXs2g&oe=667D834D&_nc_sid=10d13b","dragonfredy","Xbox is cooking","263","0","1","06/10/2024 5:33 PM"
"17973475976717403","38088277764","https://scontent.cdninstagram.com/v/t51.2885-19/275293835_3104043846521714_1303698172288172433_n.jpg?stp=dst-jpg_s150x150&_nc_ht=scontent.cdninstagram.com&_nc_cat=102&_nc_ohc=wpLvBM3_jz0Q7kNvgFY4CCP&edm=APs17CUBAAAA&ccb=7-5&oh=00_AYAzO_1KSWO-bFoVVFfhBKFm3kd1tf_jq2jsDMoW-nJ49A&oe=667D832F&_nc_sid=10d13b","majid.fahimi.84","Hype for Doom üíö","30","0","1","06/10/2024 6:10 PM"
"18023140958331817","54817508430","https://scontent.cdninstagram.com/v/t51.2885-19/441539937_956801045904636_1453385305856656508_n.jpg?stp=dst-jpg_s150x150&_nc_ht=scontent.cdninstagram.com&_nc_cat=100&_nc_ohc=DS2ESxkvdIkQ7kNvgHJQ1se&edm=APs17CUBAAAA&ccb=7-5&oh=00_AYBs4znVSTFUOR0vLMlqvdpmfdolU8xDNg2fnnIXUoZ9XA&oe=667D6DEA&_nc_sid=10d13b","gothic_is_in_wonderland","Perfect. Games I am excited!","4","0","1","06/10/2024 6:11 PM"
"17997354332424041","31267566700","https://scontent.cdninstagram.com/v/t51.2885-19/342372413_611384457288843_7936955936164955110_n.jpg?stp=dst-jpg_s150x150&_nc_ht=scontent.cdninstagram.com&_nc_cat=103&_nc_ohc=dpRtXLxl_KgQ7kNvgFhawqZ&edm=APs17CUBAAAA&ccb=7-5&oh=00_AYCOdipTHH8X6hzFhLR_iJlJkcq2MatjvSDU7iLRIEsvoA&oe=667D68A2&_nc_sid=10d13b","yasei974","Stay of decay 3 üòç","6","0","1","06/10/2024 6:19 PM"
"17850750570217973","45490989402","https://scontent.cdninstagram.com/v/t51.2885-19/274400255_291165446437028_1114889051128632022_n.jpg?stp=dst-jpg_s150x150&_nc_ht=scontent.cdninstagram.com&_nc_cat=108&_nc_ohc=PtcClXbgd7MQ7kNvgGwOgmE&edm=APs17CUBAAAA&ccb=7-5&oh=00_AYAwujq5nangHKNH9XdfmnuX5qntk4KkHmhmQd33-Ps0rQ&oe=667D6065&_nc_sid=10d13b","_mnyondatble","Perfect Dark! üî•üòÆ","8","0","1","06/10/2024 7:22 PM"
"17864379933101748","412242463","https://scontent.cdninstagram.com/v/t51.2885-19/367518508_616342724019710_8871093403948037847_n.jpg?stp=dst-jpg_s150x150&_nc_ht=scontent.cdninstagram.com&_nc_cat=102&_nc_ohc=rPImc--HHRYQ7kNvgFU0uRg&edm=APs17CUBAAAA&ccb=7-5&oh=00_AYDULsXHJr6F6Z_E0CRAH9Wd75NPyAhZBEoLo9YzX_IDKw&oe=667D651D&_nc_sid=10d13b","andresgouts","What amazing event we had. Thanks xbox","9","0","1","06/10/2024 7:42 PM"
"18022007039332081","15931419274","https://scontent.cdninstagram.com/v/t51.2885-19/120938945_859299568236164_3909461554274029284_n.jpg?stp=dst-jpg_s150x150&_nc_ht=scontent.cdninstagram.com&_nc_cat=108&_nc_ohc=fuHyWnVOMR4Q7kNvgFf8yDD&edm=APs17CUBAAAA&ccb=7-5&oh=00_AYCnZ4cm2VH8RjT0_JAqMDqqqWlQRlI8kjLhKle8bhBbLQ&oe=667D6001&_nc_sid=10d13b","nintyfaux","NEW DOOM!!!!","4","0","1","06/10/2024 7:59 PM"
"17964034184758306","8698494160","https://scontent.cdninstagram.com/v/t51.2885-19/342728507_697601949035090_2981058211776406563_n.jpg?stp=dst-jpg_s150x150&_nc_ht=scontent.cdninstagram.com&_nc_cat=102&_nc_ohc=YctYSYhPrqwQ7kNvgEFcww2&edm=APs17CUBAAAA&ccb=7-5&oh=00_AYCXBZbK7yTRdxhWOZ1_UfO_YufZK7swmFk6WBlpzgTFCw&oe=667D64C4&_nc_sid=10d13b","crowfranc1941","Age of Mythology Retold ‚ù§Ô∏è‚ù§Ô∏è‚ù§Ô∏è‚ù§Ô∏è‚ù§Ô∏è‚ù§Ô∏è‚ù§Ô∏è‚ù§Ô∏è‚ù§Ô∏è‚ù§Ô∏è‚ù§Ô∏è‚ù§Ô∏è‚ù§Ô∏è‚ù§Ô∏è‚ù§Ô∏è‚ù§Ô∏è‚ù§Ô∏è‚ù§Ô∏è‚ù§Ô∏è‚ù§Ô∏è‚ù§Ô∏è‚ù§Ô∏è‚ù§Ô∏è‚ù§Ô∏è‚ù§Ô∏è‚ù§Ô∏è‚ù§Ô∏è‚ù§Ô∏è","3","0","3","06/10/2024 8:11 PM"
"18065652523553617","50674887520","https://scontent.cdninstagram.com/v/t51.2885-19/327932336_5653139898128538_2338900944897015433_n.jpg?stp=dst-jpg_s150x150&_nc_ht=scontent.cdninstagram.com&_nc_cat=106&_nc_ohc=lVVM7ecUzkcQ7kNvgF1GzjL&edm=APs17CUBAAAA&ccb=7-5&oh=00_AYDVy0WKTYKukwGlxZ_okt_Lr6q3K01HEoC4S3mDIAXUyw&oe=667D8552&_nc_sid=10d13b","guess_ellie","Fable‚ù§Ô∏è","6","0","2","06/10/2024 8:40 PM"
"18077337775492472","1550757191","https://scontent.cdninstagram.com/v/t51.2885-19/448721528_1034329048696250_8335216468043295662_n.jpg?stp=dst-jpg_s150x150&_nc_ht=scontent.cdninstagram.com&_nc_cat=102&_nc_ohc=EDZG1ihm7uMQ7kNvgEzHHaU&edm=APs17CUBAAAA&ccb=7-5&oh=00_AYBOZ_5pVbGMbgH5k00FRTSm94jJZoRQtetgplOcXBDNXg&oe=667D7EA1&_nc_sid=10d13b","mrsel_rft","WE UP FOR ANOTHER DOOM!!!!!!! üî•üî•üî•üî•üî•‚ÄºÔ∏è‚ÄºÔ∏è‚ÄºÔ∏èü§ûü§û‚òùÔ∏è‚òùÔ∏èüó£Ô∏èüó£Ô∏è‚ÄºÔ∏è‚ÄºÔ∏è‚ÅâÔ∏èüî•","0","0","1","06/10/2024 9:06 PM"
"18403265092079782","54575073898","https://scontent.cdninstagram.com/v/t51.2885-19/328842803_121660447497354_5028888091921884856_n.jpg?stp=dst-jpg_s150x150&_nc_ht=scontent.cdninstagram.com&_nc_cat=106&_nc_ohc=FTg5S8F5NlwQ7kNvgFpBWLl&edm=APs17CUBAAAA&ccb=7-5&oh=00_AYDxy8Y69hJcemTaCJ7VSzovmLuX4ZXXyZX5XGokMNEr8A&oe=667D7AA8&_nc_sid=10d13b","mg_lilmayo","State of decay finallyüî•üî•","2","0","1","06/11/2024 12:18 AM"
"18059874220597955","9207455175","https://scontent.cdninstagram.com/v/t51.2885-19/448530945_1009554504116422_2558084930619361564_n.jpg?stp=dst-jpg_s150x150&_nc_ht=scontent.cdninstagram.com&_nc_cat=110&_nc_ohc=et8Gve_YodcQ7kNvgGrcxmb&edm=APs17CUBAAAA&ccb=7-5&oh=00_AYDANQJVNK8yBGkLEwZIFyGoJp0007SnKbr_-nPHaCY2QA&oe=667D6BBE&_nc_sid=10d13b","xbox_belgie","ü§©üíö","1","0","0","06/11/2024 1:07 PM"
"18034008481996215","58725901129","https://scontent.cdninstagram.com/v/t51.2885-19/348580287_712026670929675_304617750343721750_n.jpg?stp=dst-jpg_s150x150&_nc_ht=scontent.cdninstagram.com&_nc_cat=103&_nc_ohc=Wt5qolRrn5oQ7kNvgG5jbHd&edm=APs17CUBAAAA&ccb=7-5&oh=00_AYBjHUTabfrH0GnMPLskMeRISIe9Dbmwnfta6JOnROYQrw&oe=667D7AD8&_nc_sid=10d13b","pebbletree","Fable ü§å‚ù§Ô∏è","2","0","1","06/11/2024 4:49 PM"
"17905056635898061","13733482278","https://scontent.cdninstagram.com/v/t51.2885-19/432109705_930896555414044_6167551883474078855_n.jpg?stp=dst-jpg_s150x150&_nc_ht=scontent.cdninstagram.com&_nc_cat=104&_nc_ohc=C7Ymcd7coB8Q7kNvgFxDZ8i&edm=APs17CUBAAAA&ccb=7-5&oh=00_AYC2hT1VDs4mhORJTq_SFPQPCEQLIG4HQvp0P4hs77x7_Q&oe=667D6168&_nc_sid=10d13b","soy.lean_","https://media3.giphy.com/media/v1.Y2lkPTA1NzQyMTNjbDIyM3o2b2xyNDNkdzF6MnM4dzl6aWdnbWN3NGdnbjFvZmF1ZDh2bCZlcD12MV9naWZzX2dpZklkJmN0PWc/5huORRHJwI2Sw3ATqx/200.gif","5","0","0","06/11/2024 4:54 PM"
"18027873370939708","50844725143","https://scontent.cdninstagram.com/v/t51.2885-19/425678520_931327638604509_10298365141585946_n.jpg?stp=dst-jpg_s150x150&_nc_ht=scontent.cdninstagram.com&_nc_cat=109&_nc_ohc=olEgbMPObmkQ7kNvgF6QAgs&edm=APs17CUBAAAA&ccb=7-5&oh=00_AYBbF9F3XtKuRlDO8Cd02ZH3PLBR0e6sZCB4l2BITrRAbA&oe=667D6C32&_nc_sid=10d13b","555bruh","Another doom game? YIPPEE","0","0","1","06/11/2024 6:29 PM"
"18033134594046376","20107744201","https://scontent.cdninstagram.com/v/t51.2885-19/101853656_616541502554048_5796596565156781354_n.jpg?stp=dst-jpg_s150x150&_nc_ht=scontent.cdninstagram.com&_nc_cat=108&_nc_ohc=LUQK8EnPQX4Q7kNvgGgsBnz&edm=APs17CUBAAAA&ccb=7-5&oh=00_AYDeM1xR4PeaCuQxt-dEawMqjTMXKiwaAvtvjqGZrHTkjw&oe=667D6CFE&_nc_sid=10d13b","annalee17654","World of warcraft Xbox?","1","0","1","06/11/2024 6:33 PM"
"18263363365246883","177248584","https://scontent.cdninstagram.com/v/t51.2885-19/425740782_914783673262504_419811685566328130_n.jpg?stp=dst-jpg_s150x150&_nc_ht=scontent.cdninstagram.com&_nc_cat=104&_nc_ohc=S5JPEk1-JkYQ7kNvgHtNek_&edm=APs17CUBAAAA&ccb=7-5&oh=00_AYBWVXU-9VQuUyAgXMfGjAYm3W2JcjRcpXARjotUfa8Xyg&oe=667D7F5A&_nc_sid=10d13b","notgrahamstevens","New age of mythology holy","5","0","1","06/11/2024 7:10 PM"
"18092793622439219","51262369647","https://scontent.cdninstagram.com/v/t51.2885-19/432117452_2319791951549609_850632624975381367_n.jpg?stp=dst-jpg_s150x150&_nc_ht=scontent.cdninstagram.com&_nc_cat=105&_nc_ohc=q0L_EuKyDiQQ7kNvgFFxJO5&edm=APs17CUBAAAA&ccb=7-5&oh=00_AYDkj-JAg5U9EoLD2GyKJdnQmVgCsR243itHmKDDNr7oIQ&oe=667D5786&_nc_sid=10d13b","dylznax","State of decay 3, and fallout 76 expansion, and bo6!!!!!","3","0","2","06/11/2024 7:23 PM"
"18031674467301452","5811371724","https://scontent.cdninstagram.com/v/t51.2885-19/448670932_451835514148647_8418489876457123055_n.jpg?stp=dst-jpg_s150x150&_nc_ht=scontent.cdninstagram.com&_nc_cat=103&_nc_ohc=2wa2yvXcwokQ7kNvgGA9xT3&edm=APs17CUBAAAA&ccb=7-5&oh=00_AYB_CEXQLOxGSlGL2M34nsO18DKkXBRJUEZWxl2CKtXJAg&oe=667D7ADD&_nc_sid=10d13b","fraaankouh","I always liked Xbox, and today is a great day to emphasize it! Love Xbox. üíö","6","0","1","06/11/2024 7:51 PM"
"18042242005883153","8895575460","https://scontent.cdninstagram.com/v/t51.2885-19/380096333_1036785700839636_6306226329626406639_n.jpg?stp=dst-jpg_s150x150&_nc_ht=scontent.cdninstagram.com&_nc_cat=100&_nc_ohc=zfF5eqOMawgQ7kNvgEIKsQT&edm=APs17CUBAAAA&ccb=7-5&oh=00_AYAgeM_a19mc8q-VVEYHX2xzVoga_GteW-zRYkrVmfFKOw&oe=667D7D04&_nc_sid=10d13b","tyenotafraid","Doom the dark age","0","0","0","06/11/2024 10:39 PM"
"18031083869310043","3253247546","https://scontent.cdninstagram.com/v/t51.2885-19/432057980_744297777795606_4550180993920256016_n.jpg?stp=dst-jpg_s150x150&_nc_ht=scontent.cdninstagram.com&_nc_cat=106&_nc_ohc=uE4FpjMtIdgQ7kNvgFXYU-c&edm=APs17CUBAAAA&ccb=7-5&oh=00_AYDc6Wmwey3h8OkWQRiiURF-3KX1D4mT1tknBVyJbb5-_w&oe=667D5431&_nc_sid=10d13b","aaron302003","New doom game üëÄ","1","0","0","06/11/2024 11:15 PM"
"18059542114592929","8253261256","https://scontent.cdninstagram.com/v/t51.2885-19/208048842_141976764668948_2431612412180733584_n.jpg?stp=dst-jpg_s150x150&_nc_ht=scontent.cdninstagram.com&_nc_cat=108&_nc_ohc=FmgKsaq2nz0Q7kNvgGR4itn&edm=APs17CUBAAAA&ccb=7-5&oh=00_AYBZnyUKuf5Pn3zWY5EW9OeX7VoKlk7hJoCZ7-Pat7wEig&oe=667D5CB9&_nc_sid=10d13b","kilo.180","Doom hit me up when yall ready to make a clan alpha in conan ark  and rust","0","0","0","06/11/2024 11:45 PM"
"17930597939781261","187908967","https://scontent.cdninstagram.com/v/t51.2885-19/408058142_1024422931934812_4986949546462362698_n.jpg?stp=dst-jpg_s150x150&_nc_ht=scontent.cdninstagram.com&_nc_cat=104&_nc_ohc=b-wNqIvXCkAQ7kNvgGZX3KB&edm=APs17CUBAAAA&ccb=7-5&oh=00_AYBo1mWgbBBuOXy0gkFXGhT8ZSFP76Gd-aEtgvAywrhlbw&oe=667D6A94&_nc_sid=10d13b","pompano_rell","Mid","0","0","0","06/12/2024 1:46 AM"
"17997074024442543","12662798","https://scontent.cdninstagram.com/v/t51.2885-19/325943269_728191795246813_6787652297407750490_n.jpg?stp=dst-jpg_s150x150&_nc_ht=scontent.cdninstagram.com&_nc_cat=101&_nc_ohc=jcVg3ALelI8Q7kNvgG4pKZm&edm=APs17CUBAAAA&ccb=7-5&oh=00_AYCBldmwzGFt5WCQ-rBAHS5ZPI5LnOj9iwTbMbf4XNMqWQ&oe=667D6689&_nc_sid=10d13b","kelly__kyle","https://media3.giphy.com/media/v1.Y2lkPTA1NzQyMTNjand4ZHp5ems3ZHQxbXZramY0NmZoNTd2NWE3dGJnd2NwcWV6b2IxOCZlcD12MV9naWZzX2dpZklkJmN0PWc/3o6gDZ9unSrDk3EuR2/200.gif","0","0","0","06/12/2024 4:19 AM"
"18070943254518601","56328728419","https://scontent.cdninstagram.com/v/t51.2885-19/410524830_371377675561398_4061759865838484203_n.jpg?stp=dst-jpg_s150x150&_nc_ht=scontent.cdninstagram.com&_nc_cat=106&_nc_ohc=f-2geOQ6hWMQ7kNvgFntq2J&edm=APs17CUBAAAA&ccb=7-5&oh=00_AYD-txChCZ3_s3V6BpyGNsfn9_HmejteE7P6DTap-KqnbQ&oe=667D812F&_nc_sid=10d13b","cody_the_shinobi","Whoooooo careeeessss ..... Playstation gang like this comment neeeow!!!","14","0","14","06/12/2024 5:23 AM"
"17855070564195005","21875452715","https://scontent.cdninstagram.com/v/t51.2885-19/306561350_580387373906136_7407666315478884909_n.jpg?stp=dst-jpg_s150x150&_nc_ht=scontent.cdninstagram.com&_nc_cat=100&_nc_ohc=FHz7QL3i2QMQ7kNvgGHEEiE&edm=APs17CUBAAAA&ccb=7-5&oh=00_AYCjXJydzIptH3Luz0CmV-HIR8-Q_FFWT-xafUhuS3mkDQ&oe=667D79CF&_nc_sid=10d13b","nate_hansen18","Anyone know when the old COD is coming to gamepass?","0","0","3","06/12/2024 5:41 AM"
"18027231449134355","355973444","https://scontent.cdninstagram.com/v/t51.2885-19/187516836_133977062113573_541130098637915523_n.jpg?stp=dst-jpg_s150x150&_nc_ht=scontent.cdninstagram.com&_nc_cat=101&_nc_ohc=4zTUN0kXcUoQ7kNvgGMUB7p&edm=APs17CUBAAAA&ccb=7-5&oh=00_AYCnbe73hLJc2x2ZGwwUPHBgpmasHFWYUHX3zRTnElK27g&oe=667D5778&_nc_sid=10d13b","ericjohnmoberg","Stalker 2 gonna be dope asf","1","0","0","06/12/2024 6:42 AM"
"18442144150002728","1492232311","https://scontent.cdninstagram.com/v/t51.2885-19/324236579_239728475047411_5858220269898111920_n.jpg?stp=dst-jpg_s150x150&_nc_ht=scontent.cdninstagram.com&_nc_cat=107&_nc_ohc=e54bF8RA8GQQ7kNvgGLCFel&edm=APs17CUBAAAA&ccb=7-5&oh=00_AYA-X_gaATSr-YIxWAPt5uLYsnWDFOEdlOTfWvxtNcbtuA&oe=667D823D&_nc_sid=10d13b","808enigma","FABLE FINALLY MAKING A COME BACK","2","0","0","06/12/2024 9:26 AM"
"17948797427700623","7697280411","https://scontent.cdninstagram.com/v/t51.2885-19/447940123_831555295498704_2735518959293661048_n.jpg?stp=dst-jpg_s150x150&_nc_ht=scontent.cdninstagram.com&_nc_cat=100&_nc_ohc=BDqH-0FQBQ4Q7kNvgHb8Wbh&edm=APs17CUBAAAA&ccb=7-5&oh=00_AYBAwnDXZ7AGxGPImjXubZVOepUM9pnWoQ2DUb8Qvuug8A&oe=667D892E&_nc_sid=10d13b","doomed2002","We eatin good in 2025","2","0","2","06/12/2024 11:07 AM"
"17978663483568678","1318508097","https://scontent.cdninstagram.com/v/t51.2885-19/14515706_694095050740211_2011135319868440576_a.jpg?stp=dst-jpg_s150x150&_nc_ht=scontent.cdninstagram.com&_nc_cat=111&_nc_ohc=WW1L4ImQbgsQ7kNvgERzOrH&edm=APs17CUBAAAA&ccb=7-5&oh=00_AYAbB2Shrs1H-0kGW6h4isMqTSm7TjV0-CMU40gpTLTNBQ&oe=667D6F3D&_nc_sid=10d13b","konzeptz37j","South Of Midnight looks really cool","0","0","0","06/12/2024 12:14 PM"
"18130390972353677","65161878896","https://scontent.cdninstagram.com/v/t51.2885-19/445387888_1547752319140168_3039537740794836831_n.jpg?stp=dst-jpg_s150x150&_nc_ht=scontent.cdninstagram.com&_nc_cat=104&_nc_ohc=xIupF0u0KxYQ7kNvgEVzsbc&edm=APs17CUBAAAA&ccb=7-5&oh=00_AYClBfqu6gy8SBEkucKCWgLytEUH9w5ydLHDmQjl4z-PnA&oe=667D6228&_nc_sid=10d13b","1v4r_st3n","The ones im most hyped for are indiana jones and mgs remake","0","0","1","06/12/2024 1:34 PM"
"17915771300940875","37110813690","https://scontent.cdninstagram.com/v/t51.2885-19/269841909_315512080451343_5132096469940279434_n.jpg?stp=dst-jpg_s150x150&_nc_ht=scontent.cdninstagram.com&_nc_cat=103&_nc_ohc=dWs-BUXNRzEQ7kNvgHS_8VX&edm=APs17CUBAAAA&ccb=7-5&oh=00_AYCUVMIt_xG5eQAyeyICKEA6LHHyd-ahV1j_LcnTQmFHiA&oe=667D65AC&_nc_sid=10d13b","sweetbabydaeds","The day has come where Xbox absolutely wipes PlayStation I can‚Äôt help but look at my console and think disappointment like their not even trying anymore","0","0","0","06/12/2024 1:50 PM"
"18001469720355958","66107015121","https://scontent.cdninstagram.com/v/t51.2885-19/440539985_2767595083381739_8201887225725299982_n.jpg?stp=dst-jpg_s150x150&_nc_ht=scontent.cdninstagram.com&_nc_cat=111&_nc_ohc=jLJ8nceYAiwQ7kNvgH2YLEg&edm=APs17CUBAAAA&ccb=7-5&oh=00_AYA6fOAJViZadigrg3OW9UzuXgPTe8rlERLJwms2iGIzVA&oe=667D5A3F&_nc_sid=10d13b","hollywoodhomiegaming","Y‚Äôall showed up! Amazing showcase üëè","0","0","2","06/12/2024 5:08 PM"
"18048736060683823","6329526088","https://scontent.cdninstagram.com/v/t51.2885-19/433045134_744110857813172_6277154358518727035_n.jpg?stp=dst-jpg_s150x150&_nc_ht=scontent.cdninstagram.com&_nc_cat=108&_nc_ohc=aQSc4IED1zQQ7kNvgGfLjZi&edm=APs17CUBAAAA&ccb=7-5&oh=00_AYBCL8y9tv-tfcDFvxgBFAiZkx2X81B6nd9pZV8Z43jBeA&oe=667D6BDE&_nc_sid=10d13b","leferglenn","Looking forward to a lot of these üî•","0","0","1","06/12/2024 5:21 PM"
"17931009209779922","4469268583","https://scontent.cdninstagram.com/v/t51.2885-19/440327743_805286204994873_2222817192535894063_n.jpg?stp=dst-jpg_s150x150&_nc_ht=scontent.cdninstagram.com&_nc_cat=109&_nc_ohc=ra4kvGNlq5cQ7kNvgFd5W_l&edm=APs17CUBAAAA&ccb=7-5&oh=00_AYDWGUWRNFhaoIsS8JxbM_zkRdwqWdC4C6RGknTJVZPL8w&oe=667D5E73&_nc_sid=10d13b","ddrizzlethanizzle","Still no elder scrolls 6 so who tf cares ü§∑‚Äç‚ôÇÔ∏è","0","0","0","06/12/2024 5:40 PM"
"18046180726801236","347036636","https://scontent.cdninstagram.com/v/t51.2885-19/332538369_753399366014473_2951794899354381051_n.jpg?stp=dst-jpg_s150x150&_nc_ht=scontent.cdninstagram.com&_nc_cat=101&_nc_ohc=kjhh1s0H5ZQQ7kNvgEwkWum&edm=APs17CUBAAAA&ccb=7-5&oh=00_AYBXi3TqYJPewYX52NKgYB7rE8Qfw7S9TIDHxwW3Q39awg&oe=667D7ED2&_nc_sid=10d13b","thechoj","Xbox FTW","0","0","1","06/12/2024 6:13 PM"
"17943695693722610","57905488772","https://scontent.cdninstagram.com/v/t51.2885-19/448559006_484538960881334_2648505174010489457_n.jpg?stp=dst-jpg_s150x150&_nc_ht=scontent.cdninstagram.com&_nc_cat=102&_nc_ohc=VEGvwe5Z3FcQ7kNvgHxpB-E&edm=APs17CUBAAAA&ccb=7-5&oh=00_AYAytKK7MW4e2Uj2PRNud9NP-ufwFSuS4NtioLXkouzPNQ&oe=667D646C&_nc_sid=10d13b","pathtoescape","stop closing studios & find work for the people who‚Äôs livelihoods you took away for no good reason","0","0","0","06/12/2024 6:24 PM"
"18018866861464701","543830338","https://scontent.cdninstagram.com/v/t51.2885-19/364167772_954372975619942_6461825690951581936_n.jpg?stp=dst-jpg_s150x150&_nc_ht=scontent.cdninstagram.com&_nc_cat=110&_nc_ohc=Fs2PQnQkI9QQ7kNvgFI8Xp4&edm=APs17CUBAAAA&ccb=7-5&oh=00_AYB_6rXXe06SrxaG_ElEeIV3QqdK-w6y7309as2JbzG9Uw&oe=667D73AE&_nc_sid=10d13b","luxst96","Fable‚ù§Ô∏è","1","0","1","06/12/2024 7:31 PM"
"18008034197595509","1551095295","https://scontent.cdninstagram.com/v/t51.2885-19/448642314_892151495986061_5032279081181352867_n.jpg?stp=dst-jpg_s150x150&_nc_ht=scontent.cdninstagram.com&_nc_cat=105&_nc_ohc=OEK9HZQyi7AQ7kNvgEnIlEK&edm=APs17CUBAAAA&ccb=7-5&oh=00_AYAObHyqnbnhKc-IM20Um_F3OCEMP20p3mLzr1lI4uCgiQ&oe=667D6404&_nc_sid=10d13b","illmatic_jcub","Fableüòçüéâ","0","0","1","06/12/2024 7:39 PM"
"17890053957042389","1224207986","https://scontent.cdninstagram.com/v/t51.2885-19/365586762_855297519277120_2423138808221393155_n.jpg?stp=dst-jpg_s150x150&_nc_ht=scontent.cdninstagram.com&_nc_cat=104&_nc_ohc=Daj5bFITbrIQ7kNvgGSB2AZ&edm=APs17CUBAAAA&ccb=7-5&oh=00_AYAOt6CJ92mcX0MtoiIFpGdTplEnIMx72g2XPF-9oUynxg&oe=667D808B&_nc_sid=10d13b","mt07_4evr","Gears, doom, Diablo, stalker, Elden ring, starfield üí™üí™üí™üí™üí™üí™üí™","0","0","1","06/12/2024 9:49 PM"
"18052580668639615","52720890712","https://scontent.cdninstagram.com/v/t51.2885-19/443888218_427899053439772_5820294267010181234_n.jpg?stp=dst-jpg_s150x150&_nc_ht=scontent.cdninstagram.com&_nc_cat=104&_nc_ohc=zCOeAEKxBc4Q7kNvgGnyLKi&edm=APs17CUBAAAA&ccb=7-5&oh=00_AYDa_goGi6-sFhQJiEH6ZV23Asce4fIUAEP8g4TH5fdJfA&oe=667D6816&_nc_sid=10d13b","loganv72034","what abt state of decay 3","0","0","0","06/12/2024 10:19 PM"
"18054310843628967","32679160705","https://scontent.cdninstagram.com/v/t51.2885-19/448029642_1138997657432381_4092796274327699465_n.jpg?stp=dst-jpg_s150x150&_nc_ht=scontent.cdninstagram.com&_nc_cat=105&_nc_ohc=YwsgOfnoga0Q7kNvgGK5Omo&edm=APs17CUBAAAA&ccb=7-5&oh=00_AYA7Z4eetYvYkKfZtPOQ3QhA9-OL96KU3UMM-AKww_dzrA&oe=667D5C48&_nc_sid=10d13b","xrayz_vt","Now give us release dates lmao","1","0","0","06/13/2024 12:20 AM"
"18049722199707417","5777242636","https://scontent.cdninstagram.com/v/t51.2885-19/278064840_531924338496593_7889947524717191327_n.jpg?stp=dst-jpg_s150x150&_nc_ht=scontent.cdninstagram.com&_nc_cat=105&_nc_ohc=GyAX1XeSAE0Q7kNvgHS3AA3&edm=APs17CUBAAAA&ccb=7-5&oh=00_AYDt7Q3_JM0LfQLre-irpTggby1fEvV_cclfp-5fOV5UTw&oe=667D670D&_nc_sid=10d13b","pepinjack","Perfect Dark? I got some googling to do","1","0","0","06/13/2024 12:57 AM"
"17883738282063822","2528073982","https://scontent.cdninstagram.com/v/t51.2885-19/445428277_1854036718408896_3833538709205947466_n.jpg?stp=dst-jpg_s150x150&_nc_ht=scontent.cdninstagram.com&_nc_cat=100&_nc_ohc=-3XI2aDfgEMQ7kNvgFcGEeP&edm=APs17CUBAAAA&ccb=7-5&oh=00_AYAHYFDOyaoofam4R7KQcvh5ju_PI-c2OkZvnlc9DfHB5Q&oe=667D87DD&_nc_sid=10d13b","elisiahcampbell","It seems the rumors that we were getting a Fallout 3 remaster and Halo on Playstation where bogus. Or the stories were planted by Russian bots to make us disappointed in the showing. Just like they sabotaged the discourse around star wars rise the last jedi and inflated the need for zack synders justice league to make WB tank millions.","0","0","0","06/13/2024 4:19 AM"
"18035083276948328","4795704387","https://scontent.cdninstagram.com/v/t51.2885-19/260238302_238763541658479_6718854879909484092_n.jpg?stp=dst-jpg_s150x150&_nc_ht=scontent.cdninstagram.com&_nc_cat=103&_nc_ohc=G5APD03DuQcQ7kNvgG6dAXT&edm=APs17CUBAAAA&ccb=7-5&oh=00_AYCv-vVnBV-auTCoat7hyBnqpZ1seJ-L-pFGrdzbAnhV_Q&oe=667D6C69&_nc_sid=10d13b","mrpyroshark","Doom> everything else","0","0","0","06/13/2024 4:37 AM"
"18132552823340166","12420226306","https://scontent.cdninstagram.com/v/t51.2885-19/288501050_194509606244062_2304517988439893559_n.jpg?stp=dst-jpg_s150x150&_nc_ht=scontent.cdninstagram.com&_nc_cat=110&_nc_ohc=6l4MSvYvyw8Q7kNvgHkTDFE&edm=APs17CUBAAAA&ccb=7-5&oh=00_AYAKRkCG3uU2xgOleM1sxRx5RO_IdKcjvHaSNCEjM7QNIQ&oe=667D5380&_nc_sid=10d13b","happyplace_farms","Im a Xbox owner and PlayStation is making Microsoft look stupid in the console war","0","0","1","06/13/2024 4:48 AM"
"18001283309364494","62487360815","https://scontent.cdninstagram.com/v/t51.2885-19/447446982_754460920179836_6120211532337686261_n.jpg?stp=dst-jpg_s150x150&_nc_ht=scontent.cdninstagram.com&_nc_cat=108&_nc_ohc=p0of74x8-XgQ7kNvgG3ecu1&edm=APs17CUBAAAA&ccb=7-5&oh=00_AYA2UxaEJyBwIB6P7XEwV8hBhE7lQjH15fQSn4hsLhsoLQ&oe=667D7D16&_nc_sid=10d13b","loganlikesmusic_31","My controller broke yall should send me a new oneüòÅ","0","0","0","06/13/2024 5:51 AM"
"18033319627865544","282552660","https://scontent.cdninstagram.com/v/t51.2885-19/439620551_963281498423337_6216938399453979568_n.jpg?stp=dst-jpg_s150x150&_nc_ht=scontent.cdninstagram.com&_nc_cat=109&_nc_ohc=XTPiS208WBoQ7kNvgFfsUrn&edm=APs17CUBAAAA&ccb=7-5&oh=00_AYDThpo4FflNOjR3RuDnIxIMq_ZBVVNthmAVFgK7brVhTg&oe=667D76DF&_nc_sid=10d13b","_eric.415","https://media2.giphy.com/media/v1.Y2lkPTA1NzQyMTNjMnF6ODdzdmF5eHBuamZweG9zaW9wa2J4anBoOTJ6NXUzdTRtZmxtOSZlcD12MV9naWZzX2dpZklkJmN0PWc/3ohc12Lvn94WJWtuVy/200.gif","3","0","0","06/13/2024 6:02 AM"
"18105694222400978","52000226445","https://scontent.cdninstagram.com/v/t51.2885-19/280613413_1489232551507109_3853543541127729001_n.jpg?stp=dst-jpg_s150x150&_nc_ht=scontent.cdninstagram.com&_nc_cat=105&_nc_ohc=iFkQhwgD7Z8Q7kNvgGFmdVA&edm=APs17CUBAAAA&ccb=7-5&oh=00_AYCkprpxoxIM5E830R_HBSxO5nki3KjrZF2oWrype11E7w&oe=667D675D&_nc_sid=10d13b","rg.g09","Any going to GP?","0","0","0","06/13/2024 3:58 PM"
"18187795459289175","1540189962","https://scontent.cdninstagram.com/v/t51.2885-19/69639456_506000273308692_2537481272775671808_n.jpg?stp=dst-jpg_s150x150&_nc_ht=scontent.cdninstagram.com&_nc_cat=100&_nc_ohc=trfj9LJBoAgQ7kNvgH9fHDw&edm=APs17CUBAAAA&ccb=7-5&oh=00_AYDqoIrX3YtMQIijRNCD7AI3BLh_gkyVHuk44GkDM99d-Q&oe=667D70B7&_nc_sid=10d13b","moneywinston","need that dragon age","1","0","0","06/13/2024 5:08 PM"
"17947305410804224","1392797789","https://scontent.cdninstagram.com/v/t51.2885-19/435047125_281086911608773_883594308159800391_n.jpg?stp=dst-jpg_s150x150&_nc_ht=scontent.cdninstagram.com&_nc_cat=101&_nc_ohc=Y5aHZ826gcIQ7kNvgFxZXRB&edm=APs17CUBAAAA&ccb=7-5&oh=00_AYCVTD3h9lD5YJo3qQpwaBfUmY5MUin_JH-YvJJzo-p0cw&oe=667D785B&_nc_sid=10d13b","ty_bagchasin_rn","State of decay 3 is a must üëå","2","0","0","06/13/2024 9:43 PM"
"18442819123052211","500677818","https://scontent.cdninstagram.com/v/t51.2885-19/411383597_1571216923284475_1659285631379277055_n.jpg?stp=dst-jpg_s150x150&_nc_ht=scontent.cdninstagram.com&_nc_cat=107&_nc_ohc=TpD9KCy7T-4Q7kNvgGjfxyo&edm=APs17CUBAAAA&ccb=7-5&oh=00_AYB792ywlObJk5-miMKNQZUaD1MqaugAZxmpac4znBm94g&oe=667D6F35&_nc_sid=10d13b","dayton_337","https://media3.giphy.com/media/v1.Y2lkPTA1NzQyMTNjZ2kzcWR1Y3h5OGhuMmJ1NW0yc3c0Njhoc3NkeGFwaDJ2cWU1bDBvdyZlcD12MV9naWZzX2dpZklkJmN0PWc/NnHbasdRqSf3i9xPBM/200.gif","0","0","0","06/13/2024 10:01 PM"
"17977810250572297","4269861727","https://scontent.cdninstagram.com/v/t51.2885-19/272094140_2996510153922496_247587763138230483_n.jpg?stp=dst-jpg_s150x150&_nc_ht=scontent.cdninstagram.com&_nc_cat=104&_nc_ohc=SAmrK4kvhL8Q7kNvgHiIbh4&edm=APs17CUBAAAA&ccb=7-5&oh=00_AYDq6yFWjU2c8JiEVzcd9RncfgNPqQjF9I3gpj1EXpButA&oe=667D5267&_nc_sid=10d13b","cairo_cruz23","You guys need put the game pass at PlayStation‚Ä¶ I wanna play this too üò¢","1","0","0","06/13/2024 10:10 PM"
"17851365705184389","8045925907","https://scontent.cdninstagram.com/v/t51.2885-19/363831285_1970720443289294_3858454986872250249_n.jpg?stp=dst-jpg_s150x150&_nc_ht=scontent.cdninstagram.com&_nc_cat=102&_nc_ohc=_9WYffxbLNkQ7kNvgEarK0i&edm=APs17CUBAAAA&ccb=7-5&oh=00_AYA1o0vhTYqlCXJqLaJXuvaQ_GFFVb4jYpl3TJtPVBxLmA&oe=667D73CF&_nc_sid=10d13b","p.john6565","A 3rd state of decay?","0","0","0","06/13/2024 10:47 PM"
"17929705493859858","2136506232","https://scontent.cdninstagram.com/v/t51.2885-19/311969109_170988398919446_5411377052601444165_n.jpg?stp=dst-jpg_s150x150&_nc_ht=scontent.cdninstagram.com&_nc_cat=102&_nc_ohc=bdmiuO3h3oAQ7kNvgE635U4&edm=APs17CUBAAAA&ccb=7-5&oh=00_AYDgMsppgBrbu1eXQ0-h2n5aR7XBrbbLG0J-PA48kyHM1g&oe=667D77E0&_nc_sid=10d13b","suburbansurvivors","üìâüìâüìâ","0","0","0","06/14/2024 12:46 AM"
"18032199092047797","568305489","https://scontent.cdninstagram.com/v/t51.2885-19/23594177_134450840653011_8747189510963462144_n.jpg?stp=dst-jpg_s150x150&_nc_ht=scontent.cdninstagram.com&_nc_cat=103&_nc_ohc=sMIGEkK9TlgQ7kNvgHWSQV7&edm=APs17CUBAAAA&ccb=7-5&oh=00_AYCBbbmIJ5mBPqJU5m_o004jhJDcxNuqhh5twUvDTQ9OJA&oe=667D5C2A&_nc_sid=10d13b","turtlemcflurtle","Sod 3 is gonna make me get dumped","0","0","0","06/14/2024 4:15 AM"
"17888157926983446","1632929628","https://scontent.cdninstagram.com/v/t51.2885-19/276106791_1927085254142104_2314191186270184399_n.jpg?stp=dst-jpg_s150x150&_nc_ht=scontent.cdninstagram.com&_nc_cat=104&_nc_ohc=Ru7PLxOjcDIQ7kNvgFbqX8O&edm=APs17CUBAAAA&ccb=7-5&oh=00_AYA1MIueT7mna3v7OSFfI6EH-wp00KDRODT_EpQa6iSO5Q&oe=667D8A59&_nc_sid=10d13b","jesse_r406","I‚Äôll like when microsoft stops buying up company‚Äôs just to make their games exclusive for xbox.","0","0","1","06/14/2024 7:05 AM"
"18082729903466996","55003140673","https://scontent.cdninstagram.com/v/t51.2885-19/329222095_701604174798280_2963538321597767614_n.jpg?stp=dst-jpg_s150x150&_nc_ht=scontent.cdninstagram.com&_nc_cat=104&_nc_ohc=SrAB1fr_YyYQ7kNvgGBnWO_&edm=APs17CUBAAAA&ccb=7-5&oh=00_AYDm_RTtOR0xpQI8-0LxLGxVPxy-huFw5XEAsgIF8p89wQ&oe=667D7C74&_nc_sid=10d13b","stonedheadbanger","Diablo 4 is Awful","0","0","0","06/14/2024 8:49 AM"
"18437551729002087","2009094331","https://scontent.cdninstagram.com/v/t51.2885-19/243742247_380255093584056_8402510046156576294_n.jpg?stp=dst-jpg_s150x150&_nc_ht=scontent.cdninstagram.com&_nc_cat=100&_nc_ohc=5LFy2jXwWukQ7kNvgH7sy5g&edm=APs17CUBAAAA&ccb=7-5&oh=00_AYB0Xyu3tqXH-3IaJWYv016f85Qzb13qDKveFgT80rj83w&oe=667D7D19&_nc_sid=10d13b","jlnskv","Does this include PC games pass too?","1","0","0","06/14/2024 1:16 PM"
"18042137647730348","384194185","https://scontent.cdninstagram.com/v/t51.2885-19/361352670_297371396040928_2991345769321512087_n.jpg?stp=dst-jpg_s150x150&_nc_ht=scontent.cdninstagram.com&_nc_cat=104&_nc_ohc=2LbCo2YE3JoQ7kNvgGq5s2E&edm=APs17CUBAAAA&ccb=7-5&oh=00_AYCvlecR4RAFDI3foGDE4pgRBGeh0iU1TJ7TsG1YPyA3ZQ&oe=667D591F&_nc_sid=10d13b","bryce__davis98","Age of Mythology Retold is what im looking forward to most","4","0","3","06/14/2024 3:30 PM"
"18037649353899754","60645266693","https://scontent.cdninstagram.com/v/t51.2885-19/380914575_274515328729740_1352541265198864050_n.jpg?stp=dst-jpg_s150x150&_nc_ht=scontent.cdninstagram.com&_nc_cat=100&_nc_ohc=lIN9B8-ZZj4Q7kNvgGBPQ8n&edm=APs17CUBAAAA&ccb=7-5&oh=00_AYDQ-DEjSxCt-bzBHGcpW-ooBDe96dRoJpWoxsdBuM5wiA&oe=667D576F&_nc_sid=10d13b","itzyourfavweeb","As a PlayStation user I can comfirm @xbox cooked, also thanks for still giving us new doom games and a Fallout 76 update! üíôüíö","1","0","0","06/14/2024 5:31 PM"
"18353182747129891","56819071350","https://scontent.cdninstagram.com/v/t51.2885-19/428051149_696778955952613_3041432903111136204_n.jpg?stp=dst-jpg_s150x150&_nc_ht=scontent.cdninstagram.com&_nc_cat=101&_nc_ohc=rsP7yWoAFh4Q7kNvgFre-0u&edm=APs17CUBAAAA&ccb=7-5&oh=00_AYDETm-MASYSfui7nCMBW2SnnGXbpl0Uv_49IV5CwOTqqA&oe=667D6ADE&_nc_sid=10d13b","m.furkancosgun","Bug√ºn XBOX daki ilk g√ºn√ºm yeni aldƒ±m","1","0","0","06/14/2024 6:08 PM"
"18029430632109772","25508636610","https://scontent.cdninstagram.com/v/t51.2885-19/429330067_335325105562770_5650436765484822069_n.jpg?stp=dst-jpg_s150x150&_nc_ht=scontent.cdninstagram.com&_nc_cat=106&_nc_ohc=lZRZBj_HDqMQ7kNvgFs8J_D&edm=APs17CUBAAAA&ccb=7-5&oh=00_AYBtJjJln0ouGx98_Zh9F0xhT7hkERcOiq1v5OUHdeuMBw&oe=667D5FDE&_nc_sid=10d13b","tommy.halterman","https://media0.giphy.com/media/v1.Y2lkPTA1NzQyMTNjMDFvY2x4OHMzN2EwbjJ3emZ2ajRvZWF1dTk0bDN5MHR0ZDM4MzduMyZlcD12MV9naWZzX2dpZklkJmN0PWc/NsKjvlTb3xY9Mw8Jpf/200.gif","0","0","0","06/14/2024 7:55 PM"
"18030840011503982","1816096062","https://scontent.cdninstagram.com/v/t51.2885-19/84977838_2541143082810048_6646140815984820224_n.jpg?stp=dst-jpg_s150x150&_nc_ht=scontent.cdninstagram.com&_nc_cat=100&_nc_ohc=95QkWotenIgQ7kNvgFIBSN0&edm=APs17CUBAAAA&ccb=7-5&oh=00_AYAfOuCTZXPFFsXh8oq1AR7Z8B0T9rAT473TsDzgUBZskw&oe=667D52F8&_nc_sid=10d13b","zoroarb","https://media4.giphy.com/media/v1.Y2lkPWFlZWNjYzExaXVsc29sZXA3YXdyeGhhd3p1ZXpybDN1cTc4cGFpMjhzZDVzZDNjbSZlcD12MV9naWZzX2dpZklkJmN0PWc/zlEuvseMcUWOvCY3y7/200.gif","1","0","0","06/14/2024 7:55 PM"
"18023474948190801","8973814147","https://scontent.cdninstagram.com/v/t51.2885-19/239044733_197347599104121_3704018071871257796_n.jpg?stp=dst-jpg_s150x150&_nc_ht=scontent.cdninstagram.com&_nc_cat=109&_nc_ohc=BD0zaRLXp8wQ7kNvgEq_OxM&edm=APs17CUBAAAA&ccb=7-5&oh=00_AYBXN8tad2NyTHMguqz-qcbG7AlPVqd4CeuYAkmTFQ89fg&oe=667D81AD&_nc_sid=10d13b","logan_ochoa34","Save me some time","0","0","0","06/14/2024 8:35 PM"
"18244321438252335","54692221924","https://scontent.cdninstagram.com/v/t51.2885-19/446925244_1181348872864447_1946635707577160877_n.jpg?stp=dst-jpg_s150x150&_nc_ht=scontent.cdninstagram.com&_nc_cat=107&_nc_ohc=vD9MsgWx2wkQ7kNvgFUMjTE&edm=APs17CUBAAAA&ccb=7-5&oh=00_AYDsOgkpgwrUm7qBKpo0qkGMyWodIajmnwHihsUrtSdKnQ&oe=667D7DFD&_nc_sid=10d13b","dtm9614","None of this is exciting lol","3","0","0","06/15/2024 2:03 AM"
"18324220807192617","1161345030","https://scontent.cdninstagram.com/v/t51.2885-19/278951237_826757288717767_306900921263596442_n.jpg?stp=dst-jpg_s150x150&_nc_ht=scontent.cdninstagram.com&_nc_cat=107&_nc_ohc=ffT9pGoua8MQ7kNvgFbUxsM&edm=APs17CUBAAAA&ccb=7-5&oh=00_AYDR4V8hwv0UdTddLbfrGAFoJNp7nLt1dMUcCxymtSO0zA&oe=667D7D43&_nc_sid=10d13b","raphael.rofa","Expedition 33 looks amazing","3","0","1","06/15/2024 2:40 AM"
"18401139598074968","60191583208","https://scontent.cdninstagram.com/v/t51.2885-19/358408982_110672122084001_454768977789257496_n.jpg?stp=dst-jpg_s150x150&_nc_ht=scontent.cdninstagram.com&_nc_cat=105&_nc_ohc=5l0OP8N4wWUQ7kNvgFDp109&edm=APs17CUBAAAA&ccb=7-5&oh=00_AYAjj4UL7f_bmT7WkZkBx7mcWVCtB3OY8ExvTVNuVZ41qA&oe=667D676F&_nc_sid=10d13b","santamonicapiers","This looks all remaster trash","0","0","0","06/15/2024 5:55 AM"
"18236813872256411","1414957749","https://scontent-gmp1-1.cdninstagram.com/v/t51.2885-19/44884218_345707102882519_2446069589734326272_n.jpg?_nc_ht=scontent-gmp1-1.cdninstagram.com&_nc_cat=1&_nc_ohc=BIOQqceki-IQ7kNvgFm-pyg&edm=ALlQn9MBAAAA&ccb=7-5&ig_cache_key=YW5vbnltb3VzX3Byb2ZpbGVfcGlj.2-ccb7-5&oh=00_AYDkpjZlvP0fQAFZ9G2OIzHDue4-YtkMOHE5cq4XOYH61w&oe=667D73CF&_nc_sid=e7f676","rnjaydo","snuck flight simulator in there like we want that","0","0","1","06/15/2024 6:00 AM"
"17854561107161208","183893066","https://scontent.cdninstagram.com/v/t51.2885-19/446611113_432993633005111_5869230320552100028_n.jpg?stp=dst-jpg_s150x150&_nc_ht=scontent.cdninstagram.com&_nc_cat=111&_nc_ohc=oh4vg_brI7gQ7kNvgH6S_fi&edm=APs17CUBAAAA&ccb=7-5&oh=00_AYBxT3XQcFlYcICqCZcDET0G9p4vTWeqkgdEl91IZGpr1Q&oe=667D6C3B&_nc_sid=10d13b","wagmi._.papi","Fable was so ahead of its time","2","0","0","06/15/2024 10:50 AM"
"18433000570048291","66006351899","https://scontent.cdninstagram.com/v/t51.2885-19/448372281_8484078534941625_783491984975493778_n.jpg?stp=dst-jpg_s150x150&_nc_ht=scontent.cdninstagram.com&_nc_cat=109&_nc_ohc=pUUPN8fh0o8Q7kNvgHvjM6i&edm=APs17CUBAAAA&ccb=7-5&oh=00_AYDer1cPdvgV-Cr8OcZVkJNHBrc2xiPNOClYQ3qrv7ITGw&oe=667D88FF&_nc_sid=10d13b","jayfrmchiraqttv","a new gears of wars let‚Äôs go üíØ","1","0","0","06/15/2024 11:17 AM"
"18062560561604089","280439454","https://scontent.cdninstagram.com/v/t51.2885-19/313840762_790923735340993_2870747283049483407_n.jpg?stp=dst-jpg_s150x150&_nc_ht=scontent.cdninstagram.com&_nc_cat=101&_nc_ohc=lPe5qb3h0J8Q7kNvgGEmKz2&edm=APs17CUBAAAA&ccb=7-5&oh=00_AYA3MhqN6dda2lKS5PZcBzNkCv4CQB2ordOj3RnRmcM5hg&oe=667D81A4&_nc_sid=10d13b","mitch.schulze","AOM was my childhood, love to see it getting the appreciation it deserves","6","0","2","06/15/2024 3:50 PM"
"17848945404203431","3638474028","https://scontent.cdninstagram.com/v/t51.2885-19/448856688_1033272598158080_2085000661707653770_n.jpg?stp=dst-jpg_s150x150&_nc_ht=scontent.cdninstagram.com&_nc_cat=108&_nc_ohc=6_VT-BSfnZMQ7kNvgHkXYlI&edm=APs17CUBAAAA&ccb=7-5&oh=00_AYAKK8ik4SFF06fzA538otFEpp4wu5pYQqtC6a5Xc3JQmw&oe=667D8509&_nc_sid=10d13b","sengchanng","Wuchang?","1","0","0","06/15/2024 4:21 PM"
"18049263361684166","8745097834","https://scontent.cdninstagram.com/v/t51.2885-19/425774904_401598895750196_4936578012527614049_n.jpg?stp=dst-jpg_s150x150&_nc_ht=scontent.cdninstagram.com&_nc_cat=108&_nc_ohc=JdiLg5EAzJcQ7kNvgE6tRdS&edm=APs17CUBAAAA&ccb=7-5&oh=00_AYDLyw7InUNTGMt7_fZpheE1or6bow_zMWTveijwP0CtTw&oe=667D7212&_nc_sid=10d13b","hermann_abito","üî•üî•üî•üî•üî•‚ô•Ô∏èüòéüôå","1","0","0","06/15/2024 7:04 PM"
"18029076071317509","6174789773","https://scontent.cdninstagram.com/v/t51.2885-19/299997734_1080546165914369_1381766900642115377_n.jpg?stp=dst-jpg_s150x150&_nc_ht=scontent.cdninstagram.com&_nc_cat=105&_nc_ohc=Nmd3b0-mvEsQ7kNvgE6iyuP&edm=APs17CUBAAAA&ccb=7-5&oh=00_AYDAUA44SHHyShp5I2Sb1fDYcsEA3WITXAE8OLie-cRiRA&oe=667D65E6&_nc_sid=10d13b","core_albright","Amazing üî•üî•","0","0","1","06/15/2024 8:31 PM"
"17870430171072549","568655051","https://scontent-gmp1-1.cdninstagram.com/v/t51.2885-19/44884218_345707102882519_2446069589734326272_n.jpg?_nc_ht=scontent-gmp1-1.cdninstagram.com&_nc_cat=1&_nc_ohc=BIOQqceki-IQ7kNvgFm-pyg&edm=ALlQn9MBAAAA&ccb=7-5&ig_cache_key=YW5vbnltb3VzX3Byb2ZpbGVfcGlj.2-ccb7-5&oh=00_AYDkpjZlvP0fQAFZ9G2OIzHDue4-YtkMOHE5cq4XOYH61w&oe=667D73CF&_nc_sid=e7f676","trintonto","Looks like I'll be staying on pc","0","0","0","06/16/2024 12:42 AM"
"17998806497631802","3310022892","https://scontent.cdninstagram.com/v/t51.2885-19/179240419_128105012708760_2563303139965350824_n.jpg?stp=dst-jpg_s150x150&_nc_ht=scontent.cdninstagram.com&_nc_cat=100&_nc_ohc=CKlnFj8eTxIQ7kNvgE3pzS8&edm=APs17CUBAAAA&ccb=7-5&oh=00_AYCI8829C8BD8-ZTiyXgD-KtTomU4QITp8mf6JBttKZCBw&oe=667D5AE4&_nc_sid=10d13b","julian_casas123","When did they make blackops 5 lol","0","0","2","06/16/2024 4:55 AM"
"18042631603888110","18031639","https://scontent.cdninstagram.com/v/t51.2885-19/336330615_3418735078409200_3072650179675022274_n.jpg?stp=dst-jpg_s150x150&_nc_ht=scontent.cdninstagram.com&_nc_cat=104&_nc_ohc=0U0Nu8U6kpoQ7kNvgFwa3tr&edm=APs17CUBAAAA&ccb=7-5&oh=00_AYCPYMc1_W8gT6OTU3d5rhXG9Q4Z2RQbLdugVMocbyouhg&oe=667D7BCC&_nc_sid=10d13b","brucey69","What happen to cool cover art","0","0","0","06/16/2024 10:49 AM"
"17868645798129094","1392575675","https://scontent.cdninstagram.com/v/t51.2885-19/394283656_637118261919252_9086516638019649299_n.jpg?stp=dst-jpg_s150x150&_nc_ht=scontent.cdninstagram.com&_nc_cat=100&_nc_ohc=WORFPgISDR8Q7kNvgE96Ypl&edm=APs17CUBAAAA&ccb=7-5&oh=00_AYDjkLRcH2xemkrnyDPyBaJ2xGiApcbmkXf_JFdCrr9opg&oe=667D56A5&_nc_sid=10d13b","callmetrev","They want us to own nothing.","0","0","0","06/16/2024 2:29 PM"
"18047948398760903","59313801447","https://scontent.cdninstagram.com/v/t51.2885-19/430409688_363462206580665_6094487186932932987_n.jpg?stp=dst-jpg_s150x150&_nc_ht=scontent.cdninstagram.com&_nc_cat=105&_nc_ohc=TdRnVWHgPCsQ7kNvgEp9Iu6&edm=APs17CUBAAAA&ccb=7-5&oh=00_AYC_H0I64m6JqgNzd3dI2f15AG9_fM87FMgXdPHs8LCJ3w&oe=667D53D6&_nc_sid=10d13b","swampyfrog123","I‚Äôm excited for black ops 6, stalker 2, and assassin creed shadow","1","0","0","06/16/2024 5:07 PM"
"17958149627784327","59814418510","https://scontent.cdninstagram.com/v/t51.2885-19/448414105_1127040308553541_268894922241139352_n.jpg?stp=dst-jpg_s150x150&_nc_ht=scontent.cdninstagram.com&_nc_cat=101&_nc_ohc=uXWtCCq4BEIQ7kNvgGT7Odk&edm=APs17CUBAAAA&ccb=7-5&oh=00_AYD3JcDVRF4yCAJPDVLKsuXnscIufOTEXKftrymoWomwyA&oe=667D8516&_nc_sid=10d13b","501weezk","State of decay 3 is crazy!!!","3","0","0","06/16/2024 6:29 PM"
"18000500405384606","5464895895","https://scontent.cdninstagram.com/v/t51.2885-19/397539290_324075616903015_3392760354411908_n.jpg?stp=dst-jpg_s150x150&_nc_ht=scontent.cdninstagram.com&_nc_cat=107&_nc_ohc=wG_aLvsSTg4Q7kNvgEbStTy&edm=APs17CUBAAAA&ccb=7-5&oh=00_AYC3FvTxFXaTnWprO-2S7UBA6ZsGUH6E0whoKLFq_AgeJQ&oe=667D5D52&_nc_sid=10d13b","scamljkely","mid off","0","0","0","06/16/2024 6:57 PM"
"18424760227065835","65904057382","https://scontent.cdninstagram.com/v/t51.2885-19/448354043_1667253574079748_3332627983483782569_n.jpg?stp=dst-jpg_s150x150&_nc_ht=scontent.cdninstagram.com&_nc_cat=100&_nc_ohc=bkRdmAX8i6AQ7kNvgHlyY1_&edm=APs17CUBAAAA&ccb=7-5&oh=00_AYCSfkSGCXOzT9b-eXjdZ0JD8BhXYvwxzZKipMmuMp-zjA&oe=667D6C2D&_nc_sid=10d13b","fancyfishing69","üôÅ","0","0","0","06/16/2024 7:42 PM"
"18265544626212411","3006978402","https://scontent.cdninstagram.com/v/t51.2885-19/437158877_940026190900788_3955184236970839272_n.jpg?stp=dst-jpg_s150x150&_nc_ht=scontent.cdninstagram.com&_nc_cat=100&_nc_ohc=Ix9EPhkoVxsQ7kNvgHAhK5y&edm=APs17CUBAAAA&ccb=7-5&oh=00_AYASUtVRaqOD38Tmgmu89Z3esgGRWpV4jt1_Rn1vTvspyw&oe=667D568E&_nc_sid=10d13b","boza_nd_kiko","No silksong no interest","1","0","0","06/16/2024 10:17 PM"
"18014494592374556","52232531633","https://scontent.cdninstagram.com/v/t51.2885-19/386916495_1026118141864132_4470605444700598012_n.jpg?stp=dst-jpg_s150x150&_nc_ht=scontent.cdninstagram.com&_nc_cat=104&_nc_ohc=F3yJdX2dccEQ7kNvgEKfkXw&edm=APs17CUBAAAA&ccb=7-5&oh=00_AYBK3u2xHZBkrdYOBgmnibpLmsZ-GqIDmZhpTw1WZ_a0zA&oe=667D817B&_nc_sid=10d13b","mythical_dagger","FINALLY! After 10+ years a continuation to max Caufield (life is strange) never thought I see it again ü•∞ü§ó","2","0","0","06/16/2024 11:07 PM"
"18013085597187984","1397527735","https://scontent.cdninstagram.com/v/t51.2885-19/386752114_7362344043794941_1913924709421254245_n.jpg?stp=dst-jpg_s150x150&_nc_ht=scontent.cdninstagram.com&_nc_cat=101&_nc_ohc=A-9h-GgWo28Q7kNvgEe0FC_&edm=APs17CUBAAAA&ccb=7-5&oh=00_AYCl7baEa_phxTBwm9_n-gAFlpmiguJpozEfiLFyF5MsEA&oe=667D6D8F&_nc_sid=10d13b","ebizzle86","Meh. Indie pc games are where it's at.","0","0","0","06/16/2024 11:54 PM"
"18269269018233624","3460533799","https://scontent.cdninstagram.com/v/t51.2885-19/357188590_1316312695762448_6113176789810521802_n.jpg?stp=dst-jpg_s150x150&_nc_ht=scontent.cdninstagram.com&_nc_cat=108&_nc_ohc=RoJfwk9iCTwQ7kNvgF0lgE-&edm=APs17CUBAAAA&ccb=7-5&oh=00_AYA3GrjKomtpyrDiisQGj-ibEYjxQudvEjFo6L0QDZIkKQ&oe=667D6A8E&_nc_sid=10d13b","grimslostgrin","So we got two good games (bo6 and stalker 2) and the rest are unplayable trash","0","0","2","06/17/2024 2:04 AM"
"18062372836576089","44687705783","https://scontent.cdninstagram.com/v/t51.2885-19/427516167_713838744065576_6561809846101925765_n.jpg?stp=dst-jpg_s150x150&_nc_ht=scontent.cdninstagram.com&_nc_cat=108&_nc_ohc=QQitqxGWZkEQ7kNvgFZ7_k4&edm=APs17CUBAAAA&ccb=7-5&oh=00_AYBSEeYE-DDvPPOYHinmDmfepcZ2aipdistVvCOX-abjWA&oe=667D66CB&_nc_sid=10d13b","sad_boy_jones_spams","War craft actually coming to xbox?","0","0","0","06/17/2024 3:21 AM"
"17969798216727077","6252212075","https://scontent.cdninstagram.com/v/t51.2885-19/125275518_1158513721218016_5063352766396106146_n.jpg?stp=dst-jpg_s150x150&_nc_ht=scontent.cdninstagram.com&_nc_cat=104&_nc_ohc=M1YA1THP7CEQ7kNvgGlLXS3&edm=APs17CUBAAAA&ccb=7-5&oh=00_AYArFZSwSbkqFol03qbHVzsCCHg3as1OmPMcYGihOrlLfw&oe=667D70E2&_nc_sid=10d13b","pokemontrainertyler","caption would go crazy under a pic of someone's mom","0","0","0","06/17/2024 5:23 AM"
"17891309700040366","56211260678","https://scontent.cdninstagram.com/v/t51.2885-19/447951048_3630275780543781_6775738252016299569_n.jpg?stp=dst-jpg_s150x150&_nc_ht=scontent.cdninstagram.com&_nc_cat=109&_nc_ohc=eDSaIAJ-TK4Q7kNvgHqDt-C&edm=APs17CUBAAAA&ccb=7-5&oh=00_AYA8WOzboaqFzZ0etmZSdTA88sbebGphO5FurnQ24K3N9Q&oe=667D5D20&_nc_sid=10d13b","brandonb4k3r","‚ÄúIt‚Äôs so boring‚Äù ~Deadpool","1","0","7","06/17/2024 8:54 AM"
"17997636566454312","64727925959","https://scontent.cdninstagram.com/v/t51.2885-19/447768133_3692856440985520_2343262379776968290_n.jpg?stp=dst-jpg_s150x150&_nc_ht=scontent.cdninstagram.com&_nc_cat=104&_nc_ohc=Q3Nfdr-kaRUQ7kNvgH4vHCc&edm=APs17CUBAAAA&ccb=7-5&oh=00_AYDP3xgYh0ao5g0TivKdjP0eSQg2I2x3dwwkfnWOGw0f-w&oe=667D72BA&_nc_sid=10d13b","stav_siso_8","What if Xbox was called FreakBox","1","0","0","06/17/2024 11:10 AM"
"17898172328938553","431789341","https://scontent.cdninstagram.com/v/t51.2885-19/414173078_1583397859131060_8928235267722955790_n.jpg?stp=dst-jpg_s150x150&_nc_ht=scontent.cdninstagram.com&_nc_cat=100&_nc_ohc=8Qx-yTYazngQ7kNvgFex6CT&edm=APs17CUBAAAA&ccb=7-5&oh=00_AYBBUgJB9FvSV-RKM0ScBr4wPw71HfGHPMBgoXnmwW3ErA&oe=667D7769&_nc_sid=10d13b","cgrau201","Oooooooo@gggg world of Warcraft fable fallout my inner nerd is going crazy","0","0","0","06/17/2024 3:37 PM"
"18031810387892986","6659326260","https://scontent.cdninstagram.com/v/t51.2885-19/364287808_980682469749266_7581470103732021659_n.jpg?stp=dst-jpg_s150x150&_nc_ht=scontent.cdninstagram.com&_nc_cat=102&_nc_ohc=YAkD_nPNm2IQ7kNvgFlWZKs&edm=APs17CUBAAAA&ccb=7-5&oh=00_AYBlixs-gtPFMMvodCCGiWy5hcU0jsJTy5TjdXIyschn7A&oe=667D5787&_nc_sid=10d13b","farzadfarzadi6669","Dooomüî•üî•","0","0","1","06/17/2024 7:50 PM"
"18059127271529136","6571377458","https://scontent.cdninstagram.com/v/t51.2885-19/444815955_1186580709364657_5299813038139572997_n.jpg?stp=dst-jpg_s150x150&_nc_ht=scontent.cdninstagram.com&_nc_cat=101&_nc_ohc=iSRSeodySGMQ7kNvgF4swAK&edm=APs17CUBAAAA&ccb=7-5&oh=00_AYBERpkcv3e69aYpNTIuI0DuelQdDb2GE2f3rxIJf8I6qA&oe=667D865B&_nc_sid=10d13b","ben.guzik","Sea of Thieves been out since 2018???","3","0","4","06/17/2024 11:34 PM"
"17944551941819772","2188218967","https://scontent.cdninstagram.com/v/t51.2885-19/311679428_792754128448776_6455356064092574777_n.jpg?stp=dst-jpg_s150x150&_nc_ht=scontent.cdninstagram.com&_nc_cat=100&_nc_ohc=G1bcWxV9sOkQ7kNvgHL4tbg&edm=APs17CUBAAAA&ccb=7-5&oh=00_AYDj0hm2C4Ww5-Yts-dwmynM2yIdDniQHkW1t374bMRNNA&oe=667D7FEC&_nc_sid=10d13b","nick_____piano","can't wait for life is strange","2","0","0","06/18/2024 12:07 AM"
"18300287884091080","65113315089","https://scontent.cdninstagram.com/v/t51.2885-19/448345258_2000502063679632_6592823148668788318_n.jpg?stp=dst-jpg_s150x150&_nc_ht=scontent.cdninstagram.com&_nc_cat=100&_nc_ohc=RmBkMQ7tBrcQ7kNvgFbgCXW&edm=APs17CUBAAAA&ccb=7-5&oh=00_AYCeTK_vKBTyP5PdHbPhSL1blcNqodvHcR9QpML_4QPZuQ&oe=667D5B69&_nc_sid=10d13b","salut.moicestquentin","Hold up, wow on Xbox?","3","0","0","06/18/2024 12:58 AM"
"18053970844578930","496829686","https://scontent.cdninstagram.com/v/t51.2885-19/416589494_6329481260488908_7407728678458843738_n.jpg?stp=dst-jpg_s150x150&_nc_ht=scontent.cdninstagram.com&_nc_cat=100&_nc_ohc=2Tx3eiCuIFsQ7kNvgFQf41t&edm=APs17CUBAAAA&ccb=7-5&oh=00_AYCd6bT_rmqerVI_M7xAzk5m9-E2E-FXXigbixxGBP4Wig&oe=667D6C7D&_nc_sid=10d13b","lotsuhtots","WHERES HELLDIVER 2?!?!? BOOOOO XBOXXXX. BOOOOOOOOO","1","0","2","06/18/2024 2:23 AM"
"18067417927546008","3278792064","https://scontent.cdninstagram.com/v/t51.2885-19/13249888_283114902028513_1066809372_a.jpg?stp=dst-jpg_s150x150&_nc_ht=scontent.cdninstagram.com&_nc_cat=101&_nc_ohc=LABDAOcwTkoQ7kNvgHceFBO&edm=APs17CUBAAAA&ccb=7-5&oh=00_AYAIx991ATbWnrLu0froMr5PlegxVZ9FtpDt2BGkl23knA&oe=667D726A&_nc_sid=10d13b","kennymike90","Gotta say Xbox showed up for this showcase. Sonys last one looked like utter garbage","3","0","0","06/18/2024 2:36 AM"
"18068169751549548","1682839206","https://scontent.cdninstagram.com/v/t51.2885-19/173963479_364210241627866_1815825241553190742_n.jpg?stp=dst-jpg_s150x150&_nc_ht=scontent.cdninstagram.com&_nc_cat=110&_nc_ohc=NvIxu1JSG-YQ7kNvgHV-KKh&edm=APs17CUBAAAA&ccb=7-5&oh=00_AYD-nzG0DpRAT3VUZuE8JAFCv2f3sqtmhW1dJ4_pxr7WsA&oe=667D8167&_nc_sid=10d13b","turrhett760","Wow is gonna be on Xbox?","2","0","0","06/18/2024 6:11 AM"
"18442497376054535","2212512830","https://scontent.cdninstagram.com/v/t51.2885-19/448924868_1532256131054899_4877630088170939665_n.jpg?stp=dst-jpg_s150x150&_nc_ht=scontent.cdninstagram.com&_nc_cat=107&_nc_ohc=2wbGSp7GagQQ7kNvgH92H2-&edm=APs17CUBAAAA&ccb=7-5&oh=00_AYCLVXW1IUrdM4_HR0GSPIlt5MzCllDRJ4sSUV6boztGZQ&oe=667D6F50&_nc_sid=10d13b","1tunji","Hope BO6 is competitively challenging. Stop making easier CODs. We need a skill gap","1","0","2","06/18/2024 6:35 AM"
"18036882463807976","35573486405","https://scontent.cdninstagram.com/v/t51.2885-19/183564597_498812357925495_5011786795320297192_n.jpg?stp=dst-jpg_s150x150&_nc_ht=scontent.cdninstagram.com&_nc_cat=103&_nc_ohc=8yNynCrJEj8Q7kNvgEh_iNH&edm=APs17CUBAAAA&ccb=7-5&oh=00_AYBZEadUzI9kBkB_R7EIYrJixnLlhJf37LsyJX4_w32a6A&oe=667D5DF2&_nc_sid=10d13b","ochystradingpost","New fable?","4","0","2","06/18/2024 7:20 AM"
"17929130183896346","59633237739","https://scontent.cdninstagram.com/v/t51.2885-19/418655342_160440823830568_79159987633695782_n.jpg?stp=dst-jpg_s150x150&_nc_ht=scontent.cdninstagram.com&_nc_cat=104&_nc_ohc=49uBnidrjPMQ7kNvgGppUpl&edm=APs17CUBAAAA&ccb=7-5&oh=00_AYDomzAXIZfRJdP-6ssnlHTbt-nhVwHrVi_xbhtThBkCDA&oe=667D747E&_nc_sid=10d13b","wegvip","What ? üò¢ üè∞üè≥Ô∏è‚Äçüåà","1","0","0","06/18/2024 2:14 PM"
"17851878843184628","226216604","https://scontent.cdninstagram.com/v/t51.2885-19/376263532_1237855053568522_9186441592340317123_n.jpg?stp=dst-jpg_s150x150&_nc_ht=scontent.cdninstagram.com&_nc_cat=110&_nc_ohc=Sp4zwO7w3-QQ7kNvgH4Evq6&edm=APs17CUBAAAA&ccb=7-5&oh=00_AYD1sTSRFUqbazYeJtmRZmR5tfhgpbjTcVjTHke55Zdp5w&oe=667D6A1D&_nc_sid=10d13b","chained_heaven","Dragon Age?! ü§Ø","0","0","0","06/18/2024 5:49 PM"
"18036855595804817","5643082464","https://scontent.cdninstagram.com/v/t51.2885-19/435096967_951443792828609_1179818967296375135_n.jpg?stp=dst-jpg_s150x150&_nc_ht=scontent.cdninstagram.com&_nc_cat=105&_nc_ohc=OQgI8PWy10UQ7kNvgGBW2PG&edm=APs17CUBAAAA&ccb=7-5&oh=00_AYAfnFfqD49UYCt0EbJZzvVB8wCl1YGWV2O96gNijZ3J9g&oe=667D6133&_nc_sid=10d13b","dpvrkstudios","Elder scrolls game?","1","0","0","06/18/2024 7:14 PM"
"18098394520420030","53173790643","https://scontent.cdninstagram.com/v/t51.2885-19/441576012_412759334965744_385109764584778085_n.jpg?stp=dst-jpg_s150x150&_nc_ht=scontent.cdninstagram.com&_nc_cat=104&_nc_ohc=1mpjemp-LbwQ7kNvgEEtVuR&edm=APs17CUBAAAA&ccb=7-5&oh=00_AYDTKU7a8VVXyqgnF-J6Im3ieHdksIph-f-rJ1seQALHAw&oe=667D5A4A&_nc_sid=10d13b","carterallen2989","MSFS2024!!!!!!!!!!!!!!!!!!!!!!!!","0","0","0","06/18/2024 7:34 PM"
"17865381597152595","44973412851","https://scontent.cdninstagram.com/v/t51.2885-19/44884218_345707102882519_2446069589734326272_n.jpg?_nc_ht=scontent.cdninstagram.com&_nc_cat=1&_nc_ohc=BIOQqceki-IQ7kNvgFBBrTI&edm=APs17CUBAAAA&ccb=7-5&ig_cache_key=YW5vbnltb3VzX3Byb2ZpbGVfcGlj.2-ccb7-5&oh=00_AYDOobgyfnYFDaL4YVqy03h6vxwFfwtF2yemcuNkdZbGQw&oe=667D73CF&_nc_sid=10d13b","lilj829","Lit üî•","0","0","0","06/18/2024 11:51 PM"
"18433314034001759","3128412173","https://scontent.cdninstagram.com/v/t51.2885-19/334808028_939399570422154_7239369146375984248_n.jpg?stp=dst-jpg_s150x150&_nc_ht=scontent.cdninstagram.com&_nc_cat=106&_nc_ohc=zcem8-2jtxMQ7kNvgEysTx0&edm=APs17CUBAAAA&ccb=7-5&oh=00_AYBsVCkEmEeBQSsKeKsJfzNgvSVGodop1Vj6wYicz6dxoA&oe=667D590E&_nc_sid=10d13b","ivon_x_","I‚Äôm not even an Xbox fan but PERFECT DARK. W move from Microsoft .","2","0","2","06/19/2024 12:09 AM"
"18023992271231108","8158460466","https://scontent.cdninstagram.com/v/t51.2885-19/441240800_358485833871696_2318139181442619148_n.jpg?stp=dst-jpg_s150x150&_nc_ht=scontent.cdninstagram.com&_nc_cat=100&_nc_ohc=NhHyDggxwI8Q7kNvgHHfESh&edm=APs17CUBAAAA&ccb=7-5&oh=00_AYBHVul4wdGcUHUcELJSvdAVnMpmbgM3EjsVEe3_PExXbQ&oe=667D52BC&_nc_sid=10d13b","briscocashh","üóëÔ∏è","1","0","0","06/19/2024 12:40 AM"
"18261543520244470","64294276544","https://scontent.cdninstagram.com/v/t51.2885-19/446099005_761570659299909_6287250039399040458_n.jpg?stp=dst-jpg_s150x150&_nc_ht=scontent.cdninstagram.com&_nc_cat=109&_nc_ohc=5_T-pgw1vzAQ7kNvgEp4w6-&edm=APs17CUBAAAA&ccb=7-5&oh=00_AYCjwki9rCUamQl82Nuu4YSqBduacSG9WxfJGgcdf3B2AQ&oe=667D6BA9&_nc_sid=10d13b","mollysosaaa","They gonna make u pay for xbox live and the WOW sub lmaoo","1","0","0","06/19/2024 12:53 AM"
"18031376429024782","51263176026","https://scontent.cdninstagram.com/v/t51.2885-19/448212576_333520213179165_3452655189289189546_n.jpg?stp=dst-jpg_s150x150&_nc_ht=scontent.cdninstagram.com&_nc_cat=109&_nc_ohc=XGl8kQyK_30Q7kNvgGLQvNA&edm=APs17CUBAAAA&ccb=7-5&oh=00_AYD2IUuhchIPLNHVaFRMAJdmvHELzxDu82Cw-WVKBtvBlg&oe=667D6B27&_nc_sid=10d13b","blew_170","skate of decay 3 boutta be so heat","4","0","0","06/19/2024 1:24 AM"
"18038873257921933","42427841523","https://scontent.cdninstagram.com/v/t51.2885-19/427486462_1098031688205908_1523678248101893255_n.jpg?stp=dst-jpg_s150x150&_nc_ht=scontent.cdninstagram.com&_nc_cat=108&_nc_ohc=GG5JI41V5PsQ7kNvgH4KGvF&edm=APs17CUBAAAA&ccb=7-5&oh=00_AYC_BXvsHo6YXWBkcgHmoH6BduAouwf7FMQxWxJM2WoIWA&oe=667D741D&_nc_sid=10d13b","thomasthetomcat73","FABLE REAMAKE BABYYYYYYYYYYYYYYYYYYYYYYYYY","3","0","0","06/19/2024 5:34 AM"
"17969778638725784","66537745932","https://scontent.cdninstagram.com/v/t51.2885-19/444728409_417771911124501_5959033951804608067_n.jpg?stp=dst-jpg_s150x150&_nc_ht=scontent.cdninstagram.com&_nc_cat=109&_nc_ohc=LO-fLL9o4lEQ7kNvgGeyOFY&edm=APs17CUBAAAA&ccb=7-5&oh=00_AYDiErHqszbJyPwU6SeYkCo22rFBVNcdkiSkPH0nLudTAA&oe=667D6B2F&_nc_sid=10d13b","the_helldiver_guy","I wait for Indy to have a new game","0","0","0","06/19/2024 10:52 AM"
"18049233025692591","63960050580","https://scontent.cdninstagram.com/v/t51.2885-19/412771707_738182548183817_4371609105838978505_n.jpg?stp=dst-jpg_s150x150&_nc_ht=scontent.cdninstagram.com&_nc_cat=105&_nc_ohc=KR3E9JkI3RUQ7kNvgECuA5S&edm=APs17CUBAAAA&ccb=7-5&oh=00_AYAAljSIbM98DBd5pKTpMUpSgq0yxmlB9GnetE-GuXHGEA&oe=667D5314&_nc_sid=10d13b","maxwellgassner","another add on for 76????üò≠üò≠","3","0","0","06/19/2024 1:46 PM"
"18030384164107100","4316234419","https://scontent.cdninstagram.com/v/t51.2885-19/443844897_990846315389206_8270994805202509422_n.jpg?stp=dst-jpg_s150x150&_nc_ht=scontent.cdninstagram.com&_nc_cat=110&_nc_ohc=-k4wJQNduYUQ7kNvgGTnB_2&edm=APs17CUBAAAA&ccb=7-5&oh=00_AYCGS5crjZk0VBEpBcR2jDjC0RC-O3oPF4p3mt4FXdTJaA&oe=667D655E&_nc_sid=10d13b","al3x.collins","WoW coming to Xbox?","2","0","1","06/19/2024 2:09 PM"
"18051854515675598","956381712","https://scontent.cdninstagram.com/v/t51.2885-19/155930644_508497500136824_593228436846533362_n.jpg?stp=dst-jpg_s150x150&_nc_ht=scontent.cdninstagram.com&_nc_cat=108&_nc_ohc=-Zz-W6qQaFIQ7kNvgHpejna&edm=APs17CUBAAAA&ccb=7-5&oh=00_AYC60BWRc6iojEO660eDdBjGUg1A3Wklin4CaL_D617A7g&oe=667D6257&_nc_sid=10d13b","nolanfromearth","We got all this trash before GTA 6","4","0","1","06/19/2024 2:34 PM"
"17955581819792630","66047943179","https://scontent.cdninstagram.com/v/t51.2885-19/436481060_742185411317218_5458544882526610059_n.jpg?stp=dst-jpg_s150x150&_nc_ht=scontent.cdninstagram.com&_nc_cat=110&_nc_ohc=P0Y-BuuiCmkQ7kNvgG-y-ps&edm=APs17CUBAAAA&ccb=7-5&oh=00_AYAko5Wh0EQPK5YxJ8Wxgtf1GpI-TJGpDPeOQoLsnnyx4w&oe=667D5FA1&_nc_sid=10d13b","cmichels1776","Lots hype for a lot of trash","1","0","0","06/19/2024 2:38 PM"
"18013039367390655","3039802023","https://scontent.cdninstagram.com/v/t51.2885-19/393446919_348057607692190_8637731678618048244_n.jpg?stp=dst-jpg_s150x150&_nc_ht=scontent.cdninstagram.com&_nc_cat=110&_nc_ohc=HNCJpdOKXRcQ7kNvgGcXa36&edm=APs17CUBAAAA&ccb=7-5&oh=00_AYCFeK3c9cFvrNJKCrAWKq-hMlm7_aTQq7hm0zsQrzUTZQ&oe=667D89EE&_nc_sid=10d13b","danthaman802","The only good games on here are cod and doom.","1","0","8","06/19/2024 4:41 PM"
"17993803973646967","56675375031","https://scontent.cdninstagram.com/v/t51.2885-19/315657709_1061154704556607_1063475842417188489_n.jpg?stp=dst-jpg_s150x150&_nc_ht=scontent.cdninstagram.com&_nc_cat=107&_nc_ohc=oxgGldBIup8Q7kNvgGKrFvS&edm=APs17CUBAAAA&ccb=7-5&oh=00_AYBy_L4ED5QGfou4lJzxdmxJJsktb4RIpbHjU0Hd9LXv4A&oe=667D67A1&_nc_sid=10d13b","aysenyooooo","FABLE YESSSSS","4","0","0","06/19/2024 9:43 PM"
"17910145913880603","55992269707","https://scontent.cdninstagram.com/v/t51.2885-19/442433243_1534786083753645_2558837801881331925_n.jpg?stp=dst-jpg_s150x150&_nc_ht=scontent.cdninstagram.com&_nc_cat=109&_nc_ohc=5YuBOEC2Wd4Q7kNvgFMfmYy&edm=APs17CUBAAAA&ccb=7-5&oh=00_AYACaGtDIbtKrkyO2ooimGmkT11TDE2eh8lUNiKsHcekmg&oe=667D8196&_nc_sid=10d13b","tommy_4k2","Is fable coming out 2024 thought it wasn‚Äôt getting released until 2025??","2","0","0","06/19/2024 10:36 PM"
"18011802950437761","5856179021","https://scontent.cdninstagram.com/v/t51.2885-19/43778745_256906788346501_905264469024702464_n.jpg?stp=dst-jpg_s150x150&_nc_ht=scontent.cdninstagram.com&_nc_cat=101&_nc_ohc=CpO6smhYgzUQ7kNvgHp7BC5&edm=APs17CUBAAAA&ccb=7-5&oh=00_AYAaj3EtBfxmH-EydQPZyzkAtiLRculgUMLL0njQBSOOaQ&oe=667D53AF&_nc_sid=10d13b","triqqei","Oh no are they gonna screw perfect dark AGAIN?","1","0","0","06/19/2024 11:35 PM"
"18093645433429300","309422685","https://scontent.cdninstagram.com/v/t51.2885-19/340677667_246819464405632_2455396357749359081_n.jpg?stp=dst-jpg_s150x150&_nc_ht=scontent.cdninstagram.com&_nc_cat=104&_nc_ohc=DsGHy_j6JAQQ7kNvgE4xfSc&edm=APs17CUBAAAA&ccb=7-5&oh=00_AYCZ0KwF1hjMlRSt_i7BmKGo9jS0qgZdddUIcILNp8yorg&oe=667D836F&_nc_sid=10d13b","adnan_mehmedovic_","How has not one person mentions gears of war e day","1","0","2","06/20/2024 12:22 AM"
"18005210510562299","11205934464","https://scontent.cdninstagram.com/v/t51.2885-19/431097399_927755102311925_7128871410977432517_n.jpg?stp=dst-jpg_s150x150&_nc_ht=scontent.cdninstagram.com&_nc_cat=105&_nc_ohc=mndcK8MU2VAQ7kNvgFmPTQk&edm=APs17CUBAAAA&ccb=7-5&oh=00_AYCzy66zLZpbdCz3FGopmM1uaavCUrZ6NL5F2Vlm9oYb7w&oe=667D8270&_nc_sid=10d13b","bogey_bravo","Sequels and $60 shovelware","2","0","0","06/20/2024 12:48 AM"
"18033962843051055","344128817","https://scontent.cdninstagram.com/v/t51.2885-19/448138193_985541506418237_798750925142620826_n.jpg?stp=dst-jpg_s150x150&_nc_ht=scontent.cdninstagram.com&_nc_cat=105&_nc_ohc=VHg0i_LggWgQ7kNvgFt14F0&edm=APs17CUBAAAA&ccb=7-5&oh=00_AYD5oGDs6jcc-0VDZVFZi1cBHPZ46J039W6_0NKC1Jyu3g&oe=667D60BF&_nc_sid=10d13b","lyikfromtheekingdom","WHERE IS SPARKING ZERO","0","0","0","06/20/2024 1:10 AM"
"18076379347498754","61310574330","https://scontent.cdninstagram.com/v/t51.2885-19/399488127_1478691142924480_5810065099038865882_n.jpg?stp=dst-jpg_s150x150&_nc_ht=scontent.cdninstagram.com&_nc_cat=104&_nc_ohc=Z9-PlPwnlnUQ7kNvgHRbshA&edm=APs17CUBAAAA&ccb=7-5&oh=00_AYDlnQ0aqUbWIIDgTMNWCZVDR02Lm4Q4mGZTvS2FADEoOw&oe=667D53D5&_nc_sid=10d13b","stephensalazar2355","Holy shii Fable massive W","2","0","0","06/20/2024 2:23 AM"
"18293522896163641","36806884471","https://scontent.cdninstagram.com/v/t51.2885-19/380311023_1023630882121671_8282937325138408656_n.jpg?stp=dst-jpg_s150x150&_nc_ht=scontent.cdninstagram.com&_nc_cat=103&_nc_ohc=h9SRTsJPuWYQ7kNvgGFVRnC&edm=APs17CUBAAAA&ccb=7-5&oh=00_AYCiT17MEpz2ryZzPwk8Uc_6ZNy0vTsaBncIppAzaezVGA&oe=667D8208&_nc_sid=10d13b","josh_b.22","STALKER PLEASE RELEASE FOR THE LOVE OF GOD","4","0","0","06/20/2024 2:52 AM"
"18229698652263523","10215224719","https://scontent.cdninstagram.com/v/t51.2885-19/448062506_481156987608590_448038493975340854_n.jpg?stp=dst-jpg_s150x150&_nc_ht=scontent.cdninstagram.com&_nc_cat=102&_nc_ohc=GgNMQ-Dsb4YQ7kNvgGhSt4H&edm=APs17CUBAAAA&ccb=7-5&oh=00_AYB9XbuPpT8Du5cx74A1Dn5vwfDw1Z4JdjnDtsvbhMIWtg&oe=667D5E86&_nc_sid=10d13b","industryflex","PlayStation fans are so mad rn üòÇüòÇ","3","0","6","06/20/2024 3:49 AM"
"18293059396163042","20084263","https://scontent.cdninstagram.com/v/t51.2885-19/419032893_644300734393535_6340923270620520414_n.jpg?stp=dst-jpg_s150x150&_nc_ht=scontent.cdninstagram.com&_nc_cat=111&_nc_ohc=O_CoM9aWom0Q7kNvgEHLHvo&edm=APs17CUBAAAA&ccb=7-5&oh=00_AYCQGrgLUR_0xdtPTFhE8RF20Y7P3Ka0tA_F4EeMsvxLzw&oe=667D778F&_nc_sid=10d13b","djkerrigan_","Sparking Zero?????","0","0","0","06/20/2024 5:18 AM"
"18029002415120878","52124025777","https://scontent.cdninstagram.com/v/t51.2885-19/448546227_1185556462451719_3457893997681497564_n.jpg?stp=dst-jpg_s150x150&_nc_ht=scontent.cdninstagram.com&_nc_cat=107&_nc_ohc=VtfCgYJvBUsQ7kNvgGdhqxn&edm=APs17CUBAAAA&ccb=7-5&oh=00_AYB1T39LedyDadO2AUifzGiZT5nu0XMMPK_iHI1SP45GYA&oe=667D521A&_nc_sid=10d13b","richard.drives","This is fire","1","0","1","06/20/2024 8:46 AM"
"18046775032774286","336544398","https://scontent.cdninstagram.com/v/t51.2885-19/447927693_1797220797434850_4241556548237550813_n.jpg?stp=dst-jpg_s150x150&_nc_ht=scontent.cdninstagram.com&_nc_cat=106&_nc_ohc=Rc-n4hVcsU8Q7kNvgE2s-I_&edm=APs17CUBAAAA&ccb=7-5&oh=00_AYC-rFd1n9-KjTne5lzoTZ3eyNeAe0QTrTU9yK0pBHVp5w&oe=667D72E4&_nc_sid=10d13b","yvngyodakk._","Throw Elden ring on game pass!!!","3","0","0","06/20/2024 1:01 PM"
"17901578366918542","3070566739","https://scontent.cdninstagram.com/v/t51.2885-19/346837160_1388212265295258_2771881554020922085_n.jpg?stp=dst-jpg_s150x150&_nc_ht=scontent.cdninstagram.com&_nc_cat=106&_nc_ohc=YcCE3O9BJ00Q7kNvgHrQmtl&edm=APs17CUBAAAA&ccb=7-5&oh=00_AYCcQ5_mS47rFkPrcitK3IlJK2ERoMUtnNoL94zETCoexQ&oe=667D882A&_nc_sid=10d13b","d3nny_t","What‚Äôs this Xbox timeline like marvel movies üòÇüòÇüòÇ","2","0","0","06/20/2024 3:23 PM"
"17851644135219684","48034922843","https://scontent.cdninstagram.com/v/t51.2885-19/403777423_862536978751080_5043735135086275769_n.jpg?stp=dst-jpg_s150x150&_nc_ht=scontent.cdninstagram.com&_nc_cat=100&_nc_ohc=dSOmPXVK0yQQ7kNvgET_Z5j&edm=APs17CUBAAAA&ccb=7-5&oh=00_AYBUswP1804baPdoK9mznJomckEwnvnuSKUrEWxa2nIxjw&oe=667D7D6F&_nc_sid=10d13b","retrogaming1991","I can‚Äôt wait for the release of Fable üò≠üíö","1","0","1","06/20/2024 5:52 PM"
"17988502457664464","60794267141","https://scontent.cdninstagram.com/v/t51.2885-19/364348733_1335498114056399_8629934991514718918_n.jpg?stp=dst-jpg_s150x150&_nc_ht=scontent.cdninstagram.com&_nc_cat=111&_nc_ohc=ppYvDB0uQVkQ7kNvgGu4sXC&edm=APs17CUBAAAA&ccb=7-5&oh=00_AYBJCvMQzsoeZy9-u5r9QZp9-ANWEjkew34piRkzpzHagA&oe=667D6EE0&_nc_sid=10d13b","darrin_gonzalez2","I wouldn‚Äôt be surprised if most of these games are hit with the same problems and micro transactions. We all hate now","2","0","0","06/20/2024 7:11 PM"
"17865927549096248","628025474","https://scontent.cdninstagram.com/v/t51.2885-19/402303467_321984363878432_7760154477197636067_n.jpg?stp=dst-jpg_s150x150&_nc_ht=scontent.cdninstagram.com&_nc_cat=108&_nc_ohc=77FEK19F0wEQ7kNvgE2v8bE&edm=APs17CUBAAAA&ccb=7-5&oh=00_AYCq3gw03s7YeZY5OchbCYQsPcICG8nXW1ZC7S9723tF5Q&oe=667D63D8&_nc_sid=10d13b","fat2incher","What‚Äôs clapping","2","0","0","06/20/2024 7:55 PM"
"17996213618468016","1522687424","https://scontent.cdninstagram.com/v/t51.2885-19/416194273_234663172915452_4168630482137001247_n.jpg?stp=dst-jpg_s150x150&_nc_ht=scontent.cdninstagram.com&_nc_cat=100&_nc_ohc=QYxmwx06g8gQ7kNvgGKxyKP&edm=APs17CUBAAAA&ccb=7-5&oh=00_AYCoboPvQWw3MSAU02l8_AXyKdb0gXDCKt6MyLDhxnEL8g&oe=667D69AD&_nc_sid=10d13b","d4v3id_","https://media1.giphy.com/media/v1.Y2lkPWFlZWNjYzExYWhoeDgwbTVqeTN1bnVrdnl6YnRid25venBoenJrYXB0eWowZnA4cyZlcD12MV9naWZzX2dpZklkJmN0PWc/reDpo28Zmwn0Q2sla5/200.gif","3","0","0","06/20/2024 8:10 PM"
"18317442103195386","199003188","https://scontent.cdninstagram.com/v/t51.2885-19/414183469_1067676350962203_6253841724511637245_n.jpg?stp=dst-jpg_s150x150&_nc_ht=scontent.cdninstagram.com&_nc_cat=103&_nc_ohc=i54DjE9OAqoQ7kNvgEntVMH&edm=APs17CUBAAAA&ccb=7-5&oh=00_AYDf4RJ-4s8QbrdoAnbHSOXEI3gTh4Pv5LbWp6yVk6O-rA&oe=667D5A01&_nc_sid=10d13b","danyo10","Waiter! Waiter!! More remakes/remasters please!!!!","12","0","0","06/20/2024 8:49 PM"
"17999545619627464","56369832995","https://scontent.cdninstagram.com/v/t51.2885-19/434854020_1077110036725938_7295778994965208212_n.jpg?stp=dst-jpg_s150x150&_nc_ht=scontent.cdninstagram.com&_nc_cat=106&_nc_ohc=dOYe5xq-qY0Q7kNvgGl4nL3&edm=APs17CUBAAAA&ccb=7-5&oh=00_AYDnqFKNMJH7S9V49qmicj8EIl2fpLXLbLHjgF0F1bxUng&oe=667D638E&_nc_sid=10d13b","ay_ne16r","FC24!!!!!!","1","0","0","06/21/2024 12:18 AM"
"17978378705566372","38985693","https://scontent.cdninstagram.com/v/t51.2885-19/333954493_156381520592920_2822602160258179255_n.jpg?stp=dst-jpg_s150x150&_nc_ht=scontent.cdninstagram.com&_nc_cat=104&_nc_ohc=yMIWwbF098MQ7kNvgEUixqI&edm=APs17CUBAAAA&ccb=7-5&oh=00_AYDnBbA9-RAiNmBVWG9hhNdkt3qzQpv2BvXLKaO674yDeA&oe=667D6B2F&_nc_sid=10d13b","its_whzly","Major W this year XBOX is so back","5","0","2","06/21/2024 7:47 AM"
"17950932587692619","62102484212","https://scontent.cdninstagram.com/v/t51.2885-19/448022844_317875491398101_6213071029902838407_n.jpg?stp=dst-jpg_s150x150&_nc_ht=scontent.cdninstagram.com&_nc_cat=101&_nc_ohc=YJJYdpb-EwUQ7kNvgEYWpyE&edm=APs17CUBAAAA&ccb=7-5&oh=00_AYDxTQvtIPRkRcHwwpVMzrCd4ddNqXD5_WnhIgF5X-VyDw&oe=667D88BA&_nc_sid=10d13b","fake_asianjeff7","Xbox why why did you change your pfp üò≠","2","0","0","06/21/2024 8:59 AM"
"17904011414989676","52528711448","https://scontent.cdninstagram.com/v/t51.2885-19/279502283_1846178155773398_1752102908426991575_n.jpg?stp=dst-jpg_s150x150&_nc_ht=scontent.cdninstagram.com&_nc_cat=102&_nc_ohc=JKkaVtMv96EQ7kNvgG_PB0S&edm=APs17CUBAAAA&ccb=7-5&oh=00_AYDqDXdwwevXz7fQWdG-ASBgF8FP3nFXyArm46upV7VtFQ&oe=667D702C&_nc_sid=10d13b","benedikt.goetz","state of decay 3!!!! yeeees","4","0","0","06/21/2024 1:02 PM"
"18046424374768598","53646275263","https://scontent.cdninstagram.com/v/t51.2885-19/446112817_427498130212075_8972319765170361257_n.jpg?stp=dst-jpg_s150x150&_nc_ht=scontent.cdninstagram.com&_nc_cat=107&_nc_ohc=VftRDvh8LmcQ7kNvgFkY79A&edm=APs17CUBAAAA&ccb=7-5&oh=00_AYCq1ZZi9HkLyrKsuSYlD0UICf9qs0LjQxMWm3dbVK64Pw&oe=667D8775&_nc_sid=10d13b","flnalgirlenergy","If only Indiana jones was on all consoles , like spiderman should be too - I left Xbox for PS in 2017 so I‚Äôm not bias , I want us all to get these games.","5","0","0","06/21/2024 5:54 PM"
"18443408116009265","65105937890","https://scontent.cdninstagram.com/v/t51.2885-19/441320065_1161014768476882_4862858424438173189_n.jpg?stp=dst-jpg_s150x150&_nc_ht=scontent.cdninstagram.com&_nc_cat=110&_nc_ohc=lbONdPch5AIQ7kNvgGR8lq7&edm=APs17CUBAAAA&ccb=7-5&oh=00_AYC1fo8D_bWMszuhP60XjLC6zVKvpILBuZlmb-XOqOhXyg&oe=667D5497&_nc_sid=10d13b","swimingpls","xbox cooked","2","0","1","06/21/2024 5:59 PM"
"18234608899280259","44307550254","https://scontent.cdninstagram.com/v/t51.2885-19/396463555_685718910191059_8646321222191947918_n.jpg?stp=dst-jpg_s150x150&_nc_ht=scontent.cdninstagram.com&_nc_cat=107&_nc_ohc=Dh6NW8x8CCMQ7kNvgHIBi3K&edm=APs17CUBAAAA&ccb=7-5&oh=00_AYBsR_DEUP94FM0o-ShUbIjZBo2irAW3oMPt-8Pd7Mh30g&oe=667D8615&_nc_sid=10d13b","hiimelijahramirez","I like xbox but this dumb pride shi Is making me wany yo switch to Playstation","0","0","2","06/21/2024 6:06 PM"
"18034484368950831","50405326634","https://scontent.cdninstagram.com/v/t51.2885-19/341200104_9800542116629943_1632297058984735976_n.jpg?stp=dst-jpg_s150x150&_nc_ht=scontent.cdninstagram.com&_nc_cat=103&_nc_ohc=08tlx8f2NNYQ7kNvgGQRyF-&edm=APs17CUBAAAA&ccb=7-5&oh=00_AYCuVsIVR2h267nbq3fE1RcU3oisR5Gl3bbggINHEBPiuQ&oe=667D64C6&_nc_sid=10d13b","funky_adhd","Still waiting on Elder Scrolls VI","7","0","0","06/21/2024 8:32 PM"
"18343623574188823","64139345334","https://scontent.cdninstagram.com/v/t51.2885-19/436130122_782076477181529_6419841549432655235_n.jpg?stp=dst-jpg_s150x150&_nc_ht=scontent.cdninstagram.com&_nc_cat=105&_nc_ohc=chj-OSFNUUoQ7kNvgH1_nyG&edm=APs17CUBAAAA&ccb=7-5&oh=00_AYDtCjWRfUVqV5H5CLulHwW01PxzGVROQAkDWCbXDdZc2Q&oe=667D805A&_nc_sid=10d13b","fwtx_rodriguez817","https://media0.giphy.com/media/v1.Y2lkPTA1NzQyMTNjeTQ5bzZqeXQyc2ZhY2pxOHYxNTdqdzVvdzU1cTZqdzlubThjYnp5biZlcD12MV9naWZzX2dpZklkJmN0PWc/R4piJA1B5LeMpSrlx4/200.gif","1","0","0","06/21/2024 10:33 PM"
"17928561320874610","1658649210","https://scontent.cdninstagram.com/v/t51.2885-19/302992348_467023015290400_6034782982423004900_n.jpg?stp=dst-jpg_s150x150&_nc_ht=scontent.cdninstagram.com&_nc_cat=104&_nc_ohc=M9XRN1fwb70Q7kNvgGvE-Ut&edm=APs17CUBAAAA&ccb=7-5&oh=00_AYCocqKpfOdshR1tX4ax9jRyJTmAOBCQLCFik7Dz8lQ0SQ&oe=667D5E4C&_nc_sid=10d13b","danieldavis989","Wow, isn't it crazy the amount of exclusives you can have if you just buy everybody","4","0","0","06/21/2024 10:46 PM"
"18027293384153478","50660577576","https://scontent.cdninstagram.com/v/t51.2885-19/448469550_2802080056611267_7915968866270959977_n.jpg?stp=dst-jpg_s150x150&_nc_ht=scontent.cdninstagram.com&_nc_cat=103&_nc_ohc=tJE_qiCh1cwQ7kNvgH388mG&edm=APs17CUBAAAA&ccb=7-5&oh=00_AYBdVr5n4l74m-zH7TpndvPHmFDdUh2t3-yfqN2BnMoZOw&oe=667D5EEE&_nc_sid=10d13b","guillen.04r","https://media2.giphy.com/media/v1.Y2lkPTA1NzQyMTNjZXZnb2wyYjJqYWtpMDh6N21saXFsZ3Z5dmdoaTJtMXhpZXQxcjl4eCZlcD12MV9naWZzX2dpZklkJmN0PWc/EmpUdgye0lycTB8AAm/200.gif","3","0","0","06/21/2024 11:32 PM"
"17950979876800087","14207287781","https://scontent.cdninstagram.com/v/t51.2885-19/431694701_776278007304938_9076101592738208797_n.jpg?stp=dst-jpg_s150x150&_nc_ht=scontent.cdninstagram.com&_nc_cat=102&_nc_ohc=yeU_-vzfFGwQ7kNvgEjad-V&edm=APs17CUBAAAA&ccb=7-5&oh=00_AYAP6_GvHJ3HdOOrSQFxj5LNNiX6t2GTclrQAQxTfnElPQ&oe=667D7881&_nc_sid=10d13b","mr.rogersneighborrhood","Where's Jet Set Radio?","2","0","0","06/22/2024 1:36 AM"
"18029539943285167","57438263388","https://scontent.cdninstagram.com/v/t51.2885-19/429695235_1568585217211247_6774215633929644741_n.jpg?stp=dst-jpg_s150x150&_nc_ht=scontent.cdninstagram.com&_nc_cat=111&_nc_ohc=-J5-kdIkSv8Q7kNvgHeWVtR&edm=APs17CUBAAAA&ccb=7-5&oh=00_AYD618Gr2hK_--r9f3v7AWJ8NkE2oe0k2_XUjl_62KLAtA&oe=667D63B2&_nc_sid=10d13b","marcushauser23","eveeybody was cooking this year. ESPECIALLY the coalition","1","0","0","06/22/2024 12:26 PM"
"18068055535547342","30014423596","https://scontent.cdninstagram.com/v/t51.2885-19/436855542_1073285373758041_3395495013662896677_n.jpg?stp=dst-jpg_s150x150&_nc_ht=scontent.cdninstagram.com&_nc_cat=101&_nc_ohc=vFxCmrcWO7kQ7kNvgFiXrtX&edm=APs17CUBAAAA&ccb=7-5&oh=00_AYD97v1DICjcQTQDyHYzI9pnpkgdQraamYH-FggKq5IM8Q&oe=667D64BC&_nc_sid=10d13b","dasoggysloth","Where's he's","0","0","0","06/22/2024 3:53 PM"
"18022588538193893","4278359026","https://scontent.cdninstagram.com/v/t51.2885-19/440856368_8071437359573045_6574741616979723440_n.jpg?stp=dst-jpg_s150x150&_nc_ht=scontent.cdninstagram.com&_nc_cat=105&_nc_ohc=LW--t5ev0VIQ7kNvgEj1mZ4&edm=APs17CUBAAAA&ccb=7-5&oh=00_AYBE5pLBeleL7iwLsThiZY1OFaoE-QUCvF2_tGSBb0_Rwg&oe=667D85B2&_nc_sid=10d13b","markzeddy","Metal Gear","1","0","0","06/22/2024 5:41 PM"
"17928561152875974","50688280223","https://scontent.cdninstagram.com/v/t51.2885-19/257179278_278064097601112_249541616239768057_n.jpg?stp=dst-jpg_s150x150&_nc_ht=scontent.cdninstagram.com&_nc_cat=100&_nc_ohc=FxzJv4-V5nIQ7kNvgGkVgKQ&edm=APs17CUBAAAA&ccb=7-5&oh=00_AYDTx4SB1z2Qgr12wbK26KOALNFL8DzAwVK8ON0pkWAumw&oe=667D67E0&_nc_sid=10d13b","brawl2n","Xbox ‚ùå , Gaybox ‚úîÔ∏è","1","0","0","06/22/2024 6:01 PM"
"18081296842469607","45608341393","https://scontent.cdninstagram.com/v/t51.2885-19/313377028_431508119142991_7830843638032021305_n.jpg?stp=dst-jpg_s150x150&_nc_ht=scontent.cdninstagram.com&_nc_cat=107&_nc_ohc=AVqzBmr9aSwQ7kNvgFeB3OW&edm=APs17CUBAAAA&ccb=7-5&oh=00_AYCq8IX_HrPYawlONco_zpbckKdUchz6fZqJKcyXwSrSNQ&oe=667D5AF9&_nc_sid=10d13b","raiden.mccall","https://media2.giphy.com/media/v1.Y2lkPTA1NzQyMTNja3N2NXlhNzVpamdxaHViZGtiNW12Y24xMmdiMWYwOHU4eDE0bGlvbCZlcD12MV9naWZzX2dpZklkJmN0PWc/ZZTL1YLKZ48URCoC6B/200.gif","1","0","0","06/22/2024 7:40 PM"
"18046529842809707","622573135","https://scontent.cdninstagram.com/v/t51.2885-19/439487251_946271667138019_7715486683974918157_n.jpg?stp=dst-jpg_s150x150&_nc_ht=scontent.cdninstagram.com&_nc_cat=107&_nc_ohc=_cmY0PmFKzEQ7kNvgGV4fJI&edm=APs17CUBAAAA&ccb=7-5&oh=00_AYCI319WtoxhV_nwAPC79KN9ut91SuHXI2gA0iafOZQ4ig&oe=667D898B&_nc_sid=10d13b","brayden_fwm","STATE OF DECAY 3!!!","4","0","0","06/22/2024 7:44 PM"
"17916792104947251","47815375632","https://scontent.cdninstagram.com/v/t51.2885-19/446116897_1359870281283481_3043287785639749363_n.jpg?stp=dst-jpg_s150x150&_nc_ht=scontent.cdninstagram.com&_nc_cat=101&_nc_ohc=laWltC8UYeYQ7kNvgH-D8ae&edm=APs17CUBAAAA&ccb=7-5&oh=00_AYDEQ3DqF9jyp2DwzCy_qRdZS73iRRFojSHoPmf8dg0nEA&oe=667D76A8&_nc_sid=10d13b","marcosdcaldevilla","I just want Avowed","0","0","0","06/23/2024 4:19 AM"
"18265529692241954","47815375632","https://scontent.cdninstagram.com/v/t51.2885-19/446116897_1359870281283481_3043287785639749363_n.jpg?stp=dst-jpg_s150x150&_nc_ht=scontent.cdninstagram.com&_nc_cat=101&_nc_ohc=laWltC8UYeYQ7kNvgH-D8ae&edm=APs17CUBAAAA&ccb=7-5&oh=00_AYDEQ3DqF9jyp2DwzCy_qRdZS73iRRFojSHoPmf8dg0nEA&oe=667D76A8&_nc_sid=10d13b","marcosdcaldevilla","Avowed, Fable and Stalker>","0","0","0","06/23/2024 4:20 AM"